1741911834.0879,2025-03-13 17:23:54.087,0.84,0.53,-0.13
1741911834.5916,2025-03-13 17:23:54.591,0.82,0.55,-0.15
1741911835.0956,2025-03-13 17:23:55.095,0.82,0.55,-0.15
1741911835.6004,2025-03-13 17:23:55.600,0.84,0.53,-0.13
1741911836.1054,2025-03-13 17:23:56.105,0.84,0.52,-0.12
1741911836.6088,2025-03-13 17:23:56.608,0.87,0.49,-0.09
1741911837.113,2025-03-13 17:23:57.113,0.87,0.48,-0.08
1741911837.6169,2025-03-13 17:23:57.616,0.86,0.50,-0.10
1741911838.1215,2025-03-13 17:23:58.121,0.84,0.52,-0.11
1741911838.6253,2025-03-13 17:23:58.625,0.85,0.52,-0.13
1741911839.1291,2025-03-13 17:23:59.129,0.82,0.54,-0.18
1741911839.6348,2025-03-13 17:23:59.634,0.82,0.53,-0.23
1741911840.139,2025-03-13 17:24:00.139,0.83,0.52,-0.21
1741911840.6442,2025-03-13 17:24:00.644,0.84,0.51,-0.19
1741911841.1483,2025-03-13 17:24:01.148,0.85,0.50,-0.14
1741911841.652,2025-03-13 17:24:01.652,0.85,0.51,-0.14
1741911842.1572,2025-03-13 17:24:02.157,0.85,0.51,-0.13
1741911842.6609,2025-03-13 17:24:02.660,0.87,0.48,-0.09
1741911843.1646,2025-03-13 17:24:03.164,0.88,0.47,-0.05
1741911843.6695,2025-03-13 17:24:03.669,0.88,0.47,-0.05
1741911844.1738,2025-03-13 17:24:04.173,0.89,0.45,-0.04
1741911844.6785,2025-03-13 17:24:04.678,0.90,0.44,-0.04
1741911845.1835,2025-03-13 17:24:05.183,0.90,0.44,-0.04
1741911845.6869,2025-03-13 17:24:05.686,0.88,0.46,-0.05
1741911846.1922,2025-03-13 17:24:06.192,0.88,0.48,-0.06
1741911846.6963,2025-03-13 17:24:06.696,0.88,0.47,-0.07
1741911847.2003,2025-03-13 17:24:07.200,0.89,0.45,-0.05
1741911847.7053,2025-03-13 17:24:07.705,0.89,0.45,-0.05
1741911848.2092,2025-03-13 17:24:08.209,0.88,0.47,-0.04
1741911848.7139,2025-03-13 17:24:08.713,0.86,0.51,-0.07
1741911849.2179,2025-03-13 17:24:09.217,0.84,0.54,-0.10
1741911849.7216,2025-03-13 17:24:09.721,0.83,0.55,-0.12
1741911850.2265,2025-03-13 17:24:10.226,0.82,0.55,-0.14
1741911850.7301,2025-03-13 17:24:10.730,0.82,0.55,-0.15
1741911851.2345,2025-03-13 17:24:11.234,0.82,0.55,-0.15
1741911851.7394,2025-03-13 17:24:11.739,0.84,0.53,-0.14
1741911852.2435,2025-03-13 17:24:12.243,0.84,0.53,-0.12
1741911852.7475,2025-03-13 17:24:12.747,0.84,0.53,-0.12
1741911853.252,2025-03-13 17:24:13.252,0.84,0.53,-0.12
1741911853.756,2025-03-13 17:24:13.756,0.81,0.56,-0.17
1741911854.2612,2025-03-13 17:24:14.261,0.81,0.56,-0.17
1741911854.7656,2025-03-13 17:24:14.765,0.81,0.56,-0.17
1741911855.2697,2025-03-13 17:24:15.269,0.83,0.54,-0.13
1741911855.7747,2025-03-13 17:24:15.774,0.85,0.52,-0.10
1741911856.2785,2025-03-13 17:24:16.278,0.86,0.49,-0.10
1741911856.7833,2025-03-13 17:24:16.783,0.86,0.49,-0.11
1741911857.288,2025-03-13 17:24:17.288,0.86,0.50,-0.12
1741911857.7913,2025-03-13 17:24:17.791,0.86,0.50,-0.12
1741911858.2962,2025-03-13 17:24:18.296,0.85,0.51,-0.13
1741911858.8001,2025-03-13 17:24:18.800,0.84,0.52,-0.11
1741911859.3042,2025-03-13 17:24:19.304,0.85,0.52,-0.10
1741911859.8094,2025-03-13 17:24:19.809,0.88,0.48,-0.06
1741911860.3135,2025-03-13 17:24:20.313,0.88,0.47,-0.06
1741911860.8174,2025-03-13 17:24:20.817,0.89,0.45,-0.05
1741911861.3218,2025-03-13 17:24:21.321,0.87,0.49,-0.06
1741911861.8249,2025-03-13 17:24:21.824,0.86,0.51,-0.08
1741911862.33,2025-03-13 17:24:22.330,0.85,0.51,-0.09
1741911862.8342,2025-03-13 17:24:22.834,0.86,0.51,-0.10
1741911863.3382,2025-03-13 17:24:23.338,0.85,0.51,-0.11
1741911863.8428,2025-03-13 17:24:23.842,0.85,0.51,-0.11
1741911864.3464,2025-03-13 17:24:24.346,0.87,0.49,-0.10
1741911864.8511,2025-03-13 17:24:24.851,0.87,0.49,-0.11
1741911865.3569,2025-03-13 17:24:25.356,0.84,0.53,-0.13
1741911865.8604,2025-03-13 17:24:25.860,0.83,0.54,-0.15
1741911866.3658,2025-03-13 17:24:26.365,0.83,0.54,-0.14
1741911866.8706,2025-03-13 17:24:26.870,0.83,0.54,-0.15
1741911867.3737,2025-03-13 17:24:27.373,0.82,0.56,-0.14
1741911867.8778,2025-03-13 17:24:27.877,0.82,0.56,-0.14
1741911868.3822,2025-03-13 17:24:28.382,0.82,0.55,-0.13
1741911868.8867,2025-03-13 17:24:28.886,0.82,0.56,-0.14
1741911869.3913,2025-03-13 17:24:29.391,0.82,0.56,-0.14
1741911869.8951,2025-03-13 17:24:29.895,0.81,0.56,-0.14
1741911870.4002,2025-03-13 17:24:30.400,0.80,0.57,-0.16
1741911870.9039,2025-03-13 17:24:30.903,0.80,0.57,-0.16
1741911871.4078,2025-03-13 17:24:31.407,0.81,0.56,-0.16
1741911871.913,2025-03-13 17:24:31.913,0.83,0.55,-0.12
1741911872.4163,2025-03-13 17:24:32.416,0.85,0.51,-0.09
1741911872.9212,2025-03-13 17:24:32.921,0.85,0.51,-0.09
1741911873.4259,2025-03-13 17:24:33.425,0.86,0.51,-0.08
1741911873.9288,2025-03-13 17:24:33.928,0.85,0.51,-0.09
1741911874.4337,2025-03-13 17:24:34.433,0.85,0.51,-0.09
1741911874.9388,2025-03-13 17:24:34.938,0.84,0.54,-0.10
1741911875.4422,2025-03-13 17:24:35.442,0.84,0.53,-0.12
1741911875.9473,2025-03-13 17:24:35.947,0.83,0.54,-0.15
1741911876.4517,2025-03-13 17:24:36.451,0.84,0.53,-0.16
1741911876.9561,2025-03-13 17:24:36.956,0.84,0.53,-0.16
1741911877.4605,2025-03-13 17:24:37.460,0.83,0.54,-0.13
1741911877.9641,2025-03-13 17:24:37.964,0.82,0.56,-0.15
1741911878.4697,2025-03-13 17:24:38.469,0.82,0.55,-0.17
1741911878.9739,2025-03-13 17:24:38.973,0.82,0.54,-0.18
1741911879.4773,2025-03-13 17:24:39.477,0.82,0.54,-0.18
1741911879.9817,2025-03-13 17:24:39.981,0.84,0.52,-0.15
1741911880.486,2025-03-13 17:24:40.486,0.87,0.48,-0.12
1741911880.9914,2025-03-13 17:24:40.991,0.86,0.48,-0.16
1741911881.4959,2025-03-13 17:24:41.495,0.87,0.47,-0.16
1741911881.9994,2025-03-13 17:24:41.999,0.87,0.47,-0.17
1741911882.5044,2025-03-13 17:24:42.504,0.86,0.49,-0.14
1741911883.0086,2025-03-13 17:24:43.008,0.84,0.52,-0.16
1741911883.5137,2025-03-13 17:24:43.513,0.84,0.52,-0.18
1741911884.0177,2025-03-13 17:24:44.017,0.83,0.53,-0.15
1741911884.5222,2025-03-13 17:24:44.522,0.83,0.54,-0.16
1741911885.0265,2025-03-13 17:24:45.026,0.84,0.52,-0.16
1741911885.5302,2025-03-13 17:24:45.530,0.83,0.52,-0.20
1741911886.0336,2025-03-13 17:24:46.033,0.84,0.51,-0.20
1741911886.5383,2025-03-13 17:24:46.538,0.83,0.52,-0.21
1741911887.0422,2025-03-13 17:24:47.042,0.82,0.53,-0.21
1741911887.5476,2025-03-13 17:24:47.547,0.81,0.54,-0.21
1741911888.0519,2025-03-13 17:24:48.051,0.81,0.55,-0.19
1741911888.5566,2025-03-13 17:24:48.556,0.85,0.51,-0.12
1741911889.0617,2025-03-13 17:24:49.061,0.89,0.45,-0.07
1741911889.5649,2025-03-13 17:24:49.564,0.89,0.46,-0.08
1741911890.0682,2025-03-13 17:24:50.068,0.87,0.48,-0.10
1741911890.5725,2025-03-13 17:24:50.572,0.87,0.48,-0.10
1741911891.0764,2025-03-13 17:24:51.076,0.88,0.47,-0.09
1741911891.5827,2025-03-13 17:24:51.582,0.88,0.47,-0.11
1741911892.0866,2025-03-13 17:24:52.086,0.87,0.48,-0.12
1741911892.5905,2025-03-13 17:24:52.590,0.86,0.49,-0.15
1741911893.0955,2025-03-13 17:24:53.095,0.85,0.50,-0.16
1741911893.5996,2025-03-13 17:24:53.599,0.84,0.52,-0.18
1741911894.1034,2025-03-13 17:24:54.103,0.84,0.52,-0.18
1741911894.6085,2025-03-13 17:24:54.608,0.84,0.52,-0.16
1741911895.1122,2025-03-13 17:24:55.112,0.84,0.52,-0.15
1741911895.6175,2025-03-13 17:24:55.617,0.84,0.52,-0.15
1741911896.1221,2025-03-13 17:24:56.122,0.83,0.53,-0.17
1741911896.6261,2025-03-13 17:24:56.626,0.83,0.53,-0.17
1741911897.1314,2025-03-13 17:24:57.131,0.85,0.51,-0.15
1741911897.6346,2025-03-13 17:24:57.634,0.87,0.48,-0.12
1741911898.1389,2025-03-13 17:24:58.138,0.87,0.49,-0.12
1741911898.6432,2025-03-13 17:24:58.643,0.83,0.52,-0.18
1741911899.1475,2025-03-13 17:24:59.147,0.82,0.53,-0.20
1741911899.6531,2025-03-13 17:24:59.653,0.82,0.54,-0.17
1741911900.1573,2025-03-13 17:25:00.157,0.82,0.54,-0.17
1741911900.6601,2025-03-13 17:25:00.660,0.83,0.52,-0.20
1741911901.1649,2025-03-13 17:25:01.164,0.84,0.49,-0.23
1741911901.6698,2025-03-13 17:25:01.669,0.84,0.49,-0.23
1741911902.1741,2025-03-13 17:25:02.174,0.82,0.51,-0.24
1741911902.6787,2025-03-13 17:25:02.678,0.79,0.54,-0.27
1741911903.1816,2025-03-13 17:25:03.181,0.78,0.56,-0.29
1741911903.6869,2025-03-13 17:25:03.686,0.77,0.56,-0.30
1741911904.1919,2025-03-13 17:25:04.191,0.80,0.53,-0.27
1741911904.6948,2025-03-13 17:25:04.694,0.80,0.52,-0.29
1741911905.1997,2025-03-13 17:25:05.199,0.79,0.51,-0.33
1741911905.7041,2025-03-13 17:25:05.704,0.79,0.51,-0.34
1741911906.2084,2025-03-13 17:25:06.208,0.80,0.53,-0.28
1741911906.7125,2025-03-13 17:25:06.712,0.83,0.52,-0.19
1741911907.217,2025-03-13 17:25:07.217,0.85,0.50,-0.15
1741911907.7226,2025-03-13 17:25:07.722,0.85,0.50,-0.15
1741911908.2267,2025-03-13 17:25:08.226,0.85,0.51,-0.15
1741911908.7302,2025-03-13 17:25:08.730,0.84,0.53,-0.15
1741911909.2355,2025-03-13 17:25:09.235,0.83,0.53,-0.16
1741911909.739,2025-03-13 17:25:09.739,0.83,0.54,-0.14
1741911910.2436,2025-03-13 17:25:10.243,0.84,0.54,-0.12
1741911910.7486,2025-03-13 17:25:10.748,0.85,0.51,-0.10
1741911911.2535,2025-03-13 17:25:11.253,0.86,0.49,-0.10
1741911911.758,2025-03-13 17:25:11.758,0.88,0.46,-0.07
1741911912.2624,2025-03-13 17:25:12.262,0.89,0.45,-0.06
1741911912.7661,2025-03-13 17:25:12.766,0.89,0.45,-0.06
1741911913.2712,2025-03-13 17:25:13.271,0.87,0.48,-0.09
1741911913.7739,2025-03-13 17:25:13.773,0.86,0.51,-0.10
1741911914.2778,2025-03-13 17:25:14.277,0.85,0.52,-0.11
1741911914.7825,2025-03-13 17:25:14.782,0.84,0.53,-0.09
1741911915.2864,2025-03-13 17:25:15.286,0.83,0.55,-0.11
1741911915.7906,2025-03-13 17:25:15.790,0.83,0.55,-0.13
1741911916.2947,2025-03-13 17:25:16.294,0.82,0.55,-0.15
1741911916.7988,2025-03-13 17:25:16.798,0.83,0.53,-0.15
1741911917.3034,2025-03-13 17:25:17.303,0.83,0.53,-0.15
1741911917.8069,2025-03-13 17:25:17.806,0.84,0.52,-0.14
1741911918.3116,2025-03-13 17:25:18.311,0.84,0.51,-0.15
1741911918.8163,2025-03-13 17:25:18.816,0.86,0.49,-0.17
1741911919.3206,2025-03-13 17:25:19.320,0.87,0.47,-0.15
1741911919.8258,2025-03-13 17:25:19.825,0.86,0.48,-0.15
1741911920.3299,2025-03-13 17:25:20.329,0.87,0.47,-0.14
1741911920.8337,2025-03-13 17:25:20.833,0.87,0.48,-0.13
1741911921.3382,2025-03-13 17:25:21.338,0.87,0.48,-0.09
1741911921.8423,2025-03-13 17:25:21.842,0.87,0.48,-0.06
1741911922.3471,2025-03-13 17:25:22.347,0.86,0.50,-0.07
1741911922.8518,2025-03-13 17:25:22.851,0.86,0.51,-0.08
1741911923.3567,2025-03-13 17:25:23.356,0.86,0.51,-0.09
1741911923.8612,2025-03-13 17:25:23.861,0.85,0.51,-0.09
1741911924.3647,2025-03-13 17:25:24.364,0.85,0.51,-0.09
1741911924.8688,2025-03-13 17:25:24.868,0.85,0.51,-0.09
1741911925.3738,2025-03-13 17:25:25.373,0.83,0.55,-0.10
1741911925.8769,2025-03-13 17:25:25.876,0.83,0.54,-0.13
1741911926.3824,2025-03-13 17:25:26.382,0.85,0.51,-0.16
1741911926.8865,2025-03-13 17:25:26.886,0.84,0.51,-0.17
1741911927.3899,2025-03-13 17:25:27.389,0.84,0.51,-0.17
1741911927.8947,2025-03-13 17:25:27.894,0.85,0.50,-0.14
1741911928.3983,2025-03-13 17:25:28.398,0.85,0.50,-0.13
1741911928.9026,2025-03-13 17:25:28.902,0.87,0.49,-0.10
1741911929.4075,2025-03-13 17:25:29.407,0.87,0.49,-0.10
1741911929.9123,2025-03-13 17:25:29.912,0.87,0.49,-0.11
1741911930.4166,2025-03-13 17:25:30.416,0.86,0.50,-0.12
1741911930.9213,2025-03-13 17:25:30.921,0.86,0.50,-0.13
1741911931.4254,2025-03-13 17:25:31.425,0.85,0.50,-0.14
1741911931.931,2025-03-13 17:25:31.931,0.83,0.53,-0.16
1741911932.4353,2025-03-13 17:25:32.435,0.83,0.53,-0.16
1741911932.941,2025-03-13 17:25:32.941,0.83,0.53,-0.18
1741911933.4452,2025-03-13 17:25:33.445,0.84,0.52,-0.16
1741911933.9487,2025-03-13 17:25:33.948,0.83,0.53,-0.15
1741911934.4538,2025-03-13 17:25:34.453,0.84,0.52,-0.14
1741911934.9576,2025-03-13 17:25:34.957,0.84,0.52,-0.15
1741911935.4608,2025-03-13 17:25:35.460,0.84,0.53,-0.12
1741911935.9661,2025-03-13 17:25:35.966,0.83,0.54,-0.13
1741911936.4707,2025-03-13 17:25:36.470,0.84,0.53,-0.14
1741911936.9743,2025-03-13 17:25:36.974,0.84,0.53,-0.13
1741911937.479,2025-03-13 17:25:37.479,0.86,0.50,-0.10
1741911937.982,2025-03-13 17:25:37.982,0.86,0.50,-0.10
1741911938.4859,2025-03-13 17:25:38.485,0.85,0.51,-0.12
1741911938.9894,2025-03-13 17:25:38.989,0.85,0.50,-0.15
1741911939.4933,2025-03-13 17:25:39.493,0.84,0.51,-0.17
1741911939.9987,2025-03-13 17:25:39.998,0.84,0.51,-0.17
1741911940.5028,2025-03-13 17:25:40.502,0.85,0.50,-0.18
1741911941.0075,2025-03-13 17:25:41.007,0.86,0.49,-0.16
1741911941.5119,2025-03-13 17:25:41.511,0.86,0.48,-0.17
1741911942.016,2025-03-13 17:25:42.016,0.85,0.49,-0.19
1741911942.5203,2025-03-13 17:25:42.520,0.83,0.52,-0.22
1741911943.0252,2025-03-13 17:25:43.025,0.81,0.53,-0.23
1741911943.5288,2025-03-13 17:25:43.528,0.81,0.54,-0.22
1741911944.0333,2025-03-13 17:25:44.033,0.81,0.54,-0.22
1741911944.5368,2025-03-13 17:25:44.536,0.82,0.53,-0.22
1741911945.0429,2025-03-13 17:25:45.042,0.84,0.51,-0.19
1741911945.5472,2025-03-13 17:25:45.547,0.84,0.51,-0.16
1741911946.0515,2025-03-13 17:25:46.051,0.84,0.53,-0.14
1741911946.5558,2025-03-13 17:25:46.555,0.85,0.53,-0.09
1741911947.059,2025-03-13 17:25:47.059,0.87,0.49,-0.07
1741911947.5637,2025-03-13 17:25:47.563,0.88,0.46,-0.05
1741911948.0679,2025-03-13 17:25:48.067,0.89,0.45,-0.07
1741911948.5715,2025-03-13 17:25:48.571,0.90,0.43,-0.06
1741911949.0773,2025-03-13 17:25:49.077,0.90,0.43,-0.06
1741911949.5813,2025-03-13 17:25:49.581,0.89,0.44,-0.07
1741911950.0847,2025-03-13 17:25:50.084,0.89,0.45,-0.06
1741911950.5898,2025-03-13 17:25:50.589,0.89,0.44,-0.06
1741911951.0935,2025-03-13 17:25:51.093,0.90,0.44,-0.07
1741911951.5987,2025-03-13 17:25:51.598,0.88,0.46,-0.09
1741911952.1031,2025-03-13 17:25:52.103,0.88,0.47,-0.09
1741911952.6062,2025-03-13 17:25:52.606,0.86,0.49,-0.11
1741911953.1118,2025-03-13 17:25:53.111,0.82,0.55,-0.18
1741911953.6167,2025-03-13 17:25:53.616,0.82,0.52,-0.23
1741911954.1208,2025-03-13 17:25:54.120,0.85,0.48,-0.19
1741911954.6256,2025-03-13 17:25:54.625,0.86,0.47,-0.19
1741911955.1288,2025-03-13 17:25:55.128,0.86,0.47,-0.19
1741911955.6337,2025-03-13 17:25:55.633,0.86,0.47,-0.20
1741911956.1385,2025-03-13 17:25:56.138,0.89,0.41,-0.18
1741911956.6432,2025-03-13 17:25:56.643,0.89,0.42,-0.18
1741911957.1473,2025-03-13 17:25:57.147,0.87,0.46,-0.20
1741911957.6519,2025-03-13 17:25:57.651,0.87,0.46,-0.16
1741911958.1554,2025-03-13 17:25:58.155,0.87,0.48,-0.10
1741911958.6599,2025-03-13 17:25:58.659,0.87,0.49,-0.07
1741911959.1634,2025-03-13 17:25:59.163,0.87,0.49,-0.07
1741911959.6678,2025-03-13 17:25:59.667,0.88,0.47,-0.05
1741911960.1731,2025-03-13 17:26:00.173,0.88,0.47,-0.06
1741911960.6778,2025-03-13 17:26:00.677,0.88,0.47,-0.06
1741911961.1831,2025-03-13 17:26:01.183,0.88,0.48,-0.07
1741911961.6866,2025-03-13 17:26:01.686,0.87,0.49,-0.08
1741911962.1915,2025-03-13 17:26:02.191,0.85,0.52,-0.12
1741911962.6955,2025-03-13 17:26:02.695,0.85,0.51,-0.11
1741911963.199,2025-03-13 17:26:03.199,0.85,0.51,-0.09
1741911963.7033,2025-03-13 17:26:03.703,0.84,0.53,-0.10
1741911964.2079,2025-03-13 17:26:04.207,0.82,0.56,-0.11
1741911964.7114,2025-03-13 17:26:04.711,0.81,0.57,-0.13
1741911965.2173,2025-03-13 17:26:05.217,0.83,0.55,-0.12
1741911965.7221,2025-03-13 17:26:05.722,0.83,0.55,-0.13
1741911966.2246,2025-03-13 17:26:06.224,0.83,0.54,-0.13
1741911966.7293,2025-03-13 17:26:06.729,0.84,0.53,-0.14
1741911967.2339,2025-03-13 17:26:07.233,0.87,0.49,-0.08
1741911967.7383,2025-03-13 17:26:07.738,0.87,0.49,-0.06
1741911968.2428,2025-03-13 17:26:08.242,0.88,0.47,-0.04
1741911968.7472,2025-03-13 17:26:08.747,0.88,0.47,-0.06
1741911969.2524,2025-03-13 17:26:09.252,0.88,0.46,-0.11
1741911969.7555,2025-03-13 17:26:09.755,0.88,0.45,-0.15
1741911970.2598,2025-03-13 17:26:10.259,0.89,0.43,-0.14
1741911970.7648,2025-03-13 17:26:10.764,0.90,0.43,-0.06
1741911971.2679,2025-03-13 17:26:11.267,0.90,0.44,-0.04
1741911971.7732,2025-03-13 17:26:11.773,0.90,0.44,-0.04
1741911972.2778,2025-03-13 17:26:12.277,0.86,0.50,-0.09
1741911972.7825,2025-03-13 17:26:12.782,0.85,0.51,-0.12
1741911973.2867,2025-03-13 17:26:13.286,0.86,0.50,-0.12
1741911973.7908,2025-03-13 17:26:13.790,0.86,0.49,-0.10
1741911974.2945,2025-03-13 17:26:14.294,0.87,0.48,-0.08
1741911974.799,2025-03-13 17:26:14.799,0.87,0.49,-0.08
1741911975.3054,2025-03-13 17:26:15.305,0.87,0.48,-0.10
1741911975.8097,2025-03-13 17:26:15.809,0.86,0.49,-0.12
1741911976.3136,2025-03-13 17:26:16.313,0.84,0.51,-0.16
1741911976.8184,2025-03-13 17:26:16.818,0.84,0.51,-0.18
1741911977.3227,2025-03-13 17:26:17.322,0.85,0.48,-0.20
1741911977.8254,2025-03-13 17:26:17.825,0.86,0.48,-0.20
1741911978.3303,2025-03-13 17:26:18.330,0.87,0.46,-0.18
1741911978.8351,2025-03-13 17:26:18.835,0.87,0.45,-0.21
1741911979.3387,2025-03-13 17:26:19.338,0.87,0.44,-0.20
1741911979.8431,2025-03-13 17:26:19.843,0.87,0.46,-0.16
1741911980.349,2025-03-13 17:26:20.349,0.88,0.45,-0.15
1741911980.8517,2025-03-13 17:26:20.851,0.88,0.45,-0.15
1741911981.3563,2025-03-13 17:26:21.356,0.86,0.48,-0.18
1741911981.8602,2025-03-13 17:26:21.860,0.86,0.47,-0.16
1741911982.3643,2025-03-13 17:26:22.364,0.86,0.49,-0.11
1741911982.8689,2025-03-13 17:26:22.868,0.87,0.48,-0.10
1741911983.374,2025-03-13 17:26:23.374,0.87,0.48,-0.13
1741911983.8768,2025-03-13 17:26:23.876,0.89,0.45,-0.13
1741911984.3824,2025-03-13 17:26:24.382,0.92,0.39,-0.08
1741911984.8863,2025-03-13 17:26:24.886,0.91,0.40,-0.08
1741911985.3904,2025-03-13 17:26:25.390,0.91,0.40,-0.07
1741911985.8951,2025-03-13 17:26:25.895,0.90,0.44,-0.05
1741911986.3996,2025-03-13 17:26:26.399,0.89,0.46,-0.06
1741911986.9039,2025-03-13 17:26:26.903,0.89,0.45,-0.06
1741911987.4077,2025-03-13 17:26:27.407,0.90,0.44,-0.06
1741911987.912,2025-03-13 17:26:27.912,0.90,0.43,-0.05
1741911988.4155,2025-03-13 17:26:28.415,0.91,0.42,-0.07
1741911988.9184,2025-03-13 17:26:28.918,0.88,0.46,-0.13
1741911989.424,2025-03-13 17:26:29.424,0.83,0.52,-0.18
1741911989.9282,2025-03-13 17:26:29.928,0.83,0.52,-0.18
1741911990.4327,2025-03-13 17:26:30.432,0.83,0.50,-0.24
1741911990.9375,2025-03-13 17:26:30.937,0.83,0.50,-0.24
1741911991.4407,2025-03-13 17:26:31.440,0.84,0.49,-0.24
1741911991.9456,2025-03-13 17:26:31.945,0.85,0.48,-0.23
1741911992.4501,2025-03-13 17:26:32.450,0.87,0.45,-0.21
1741911992.9537,2025-03-13 17:26:32.953,0.88,0.44,-0.16
1741911993.4582,2025-03-13 17:26:33.458,0.88,0.45,-0.15
1741911993.9622,2025-03-13 17:26:33.962,0.86,0.49,-0.14
1741911994.4675,2025-03-13 17:26:34.467,0.85,0.50,-0.13
1741911994.9718,2025-03-13 17:26:34.971,0.85,0.51,-0.13
1741911995.4758,2025-03-13 17:26:35.475,0.85,0.50,-0.13
1741911995.9801,2025-03-13 17:26:35.980,0.87,0.48,-0.12
1741911996.4848,2025-03-13 17:26:36.484,0.87,0.48,-0.16
1741911996.9887,2025-03-13 17:26:36.988,0.86,0.49,-0.17
1741911997.4945,2025-03-13 17:26:37.494,0.85,0.51,-0.16
1741911997.9994,2025-03-13 17:26:37.999,0.85,0.52,-0.13
1741911998.5035,2025-03-13 17:26:38.503,0.85,0.51,-0.12
1741911999.0085,2025-03-13 17:26:39.008,0.86,0.49,-0.13
1741911999.5124,2025-03-13 17:26:39.512,0.89,0.42,-0.18
1741912000.0164,2025-03-13 17:26:40.016,0.89,0.38,-0.25
1741912000.5214,2025-03-13 17:26:40.521,0.89,0.38,-0.26
1741912001.0254,2025-03-13 17:26:41.025,0.89,0.38,-0.26
1741912001.5299,2025-03-13 17:26:41.529,0.89,0.39,-0.23
1741912002.0328,2025-03-13 17:26:42.032,0.90,0.40,-0.18
1741912002.5377,2025-03-13 17:26:42.537,0.89,0.42,-0.19
1741912003.044,2025-03-13 17:26:43.044,0.88,0.43,-0.19
1741912003.547,2025-03-13 17:26:43.547,0.88,0.44,-0.18
1741912004.0523,2025-03-13 17:26:44.052,0.88,0.45,-0.12
1741912004.5558,2025-03-13 17:26:44.555,0.88,0.47,-0.11
1741912005.06,2025-03-13 17:26:45.060,0.84,0.51,-0.15
1741912005.5655,2025-03-13 17:26:45.565,0.84,0.53,-0.16
1741912006.0686,2025-03-13 17:26:46.068,0.88,0.47,-0.09
1741912006.5726,2025-03-13 17:26:46.572,0.91,0.41,-0.03
1741912007.0769,2025-03-13 17:26:47.076,0.91,0.41,-0.03
1741912007.5803,2025-03-13 17:26:47.580,0.88,0.46,-0.08
1741912008.0872,2025-03-13 17:26:48.087,0.86,0.49,-0.11
1741912008.5909,2025-03-13 17:26:48.590,0.86,0.49,-0.15
1741912009.095,2025-03-13 17:26:49.095,0.88,0.44,-0.17
1741912009.5987,2025-03-13 17:26:49.598,0.88,0.43,-0.20
1741912010.1028,2025-03-13 17:26:50.102,0.88,0.42,-0.23
1741912010.6079,2025-03-13 17:26:50.607,0.85,0.46,-0.27
1741912011.1123,2025-03-13 17:26:51.112,0.84,0.50,-0.21
1741912011.6168,2025-03-13 17:26:51.616,0.84,0.51,-0.17
1741912012.1217,2025-03-13 17:26:52.121,0.82,0.53,-0.19
1741912012.6253,2025-03-13 17:26:52.625,0.83,0.52,-0.19
1741912013.1292,2025-03-13 17:26:53.129,0.84,0.50,-0.20
1741912013.6338,2025-03-13 17:26:53.633,0.87,0.47,-0.16
1741912014.1372,2025-03-13 17:26:54.137,0.90,0.43,-0.10
1741912014.6431,2025-03-13 17:26:54.643,0.89,0.45,-0.07
1741912015.1474,2025-03-13 17:26:55.147,0.87,0.48,-0.10
1741912015.6506,2025-03-13 17:26:55.650,0.87,0.49,-0.08
1741912016.1543,2025-03-13 17:26:56.154,0.86,0.50,-0.08
1741912016.659,2025-03-13 17:26:56.659,0.86,0.51,-0.09
1741912017.1635,2025-03-13 17:26:57.163,0.82,0.55,-0.12
1741912017.6678,2025-03-13 17:26:57.667,0.81,0.57,-0.16
1741912018.1727,2025-03-13 17:26:58.172,0.80,0.57,-0.18
1741912018.6771,2025-03-13 17:26:58.677,0.80,0.57,-0.20
1741912019.18,2025-03-13 17:26:59.180,0.80,0.57,-0.20
1741912019.6843,2025-03-13 17:26:59.684,0.97,0.25,0.05
1741912020.1889,2025-03-13 17:27:00.188,0.98,0.20,0.08
1741912020.6931,2025-03-13 17:27:00.693,0.98,0.17,0.11
1741912021.1971,2025-03-13 17:27:01.197,0.87,0.48,-0.15
1741912021.7025,2025-03-13 17:27:01.702,0.88,0.46,-0.12
1741912022.2062,2025-03-13 17:27:02.206,0.89,0.44,-0.13
1741912022.7102,2025-03-13 17:27:02.710,0.89,0.44,-0.13
1741912023.215,2025-03-13 17:27:03.215,0.87,0.46,-0.18
1741912023.7197,2025-03-13 17:27:03.719,0.86,0.46,-0.21
1741912024.2237,2025-03-13 17:27:04.223,0.88,0.41,-0.23
1741912024.7274,2025-03-13 17:27:04.727,0.93,0.33,-0.17
1741912025.2319,2025-03-13 17:27:05.231,0.93,0.33,-0.17
1741912025.7364,2025-03-13 17:27:05.736,0.89,0.41,-0.21
1741912026.2403,2025-03-13 17:27:06.240,0.87,0.45,-0.20
1741912026.7459,2025-03-13 17:27:06.745,0.86,0.48,-0.17
1741912027.2492,2025-03-13 17:27:07.249,0.84,0.50,-0.19
1741912027.7532,2025-03-13 17:27:07.753,0.84,0.51,-0.18
1741912028.2576,2025-03-13 17:27:08.257,0.86,0.50,-0.13
1741912028.7615,2025-03-13 17:27:08.761,0.85,0.50,-0.13
1741912029.2664,2025-03-13 17:27:09.266,0.85,0.50,-0.16
1741912029.771,2025-03-13 17:27:09.771,0.85,0.48,-0.22
1741912030.2748,2025-03-13 17:27:10.274,0.84,0.48,-0.24
1741912030.7798,2025-03-13 17:27:10.779,0.84,0.48,-0.24
1741912031.2836,2025-03-13 17:27:11.283,0.98,0.18,0.04
1741912031.7883,2025-03-13 17:27:11.788,0.98,0.20,0.04
1741912032.2934,2025-03-13 17:27:12.293,0.82,0.52,-0.24
1741912032.7974,2025-03-13 17:27:12.797,0.84,0.49,-0.21
1741912033.3017,2025-03-13 17:27:13.301,0.88,0.45,-0.16
1741912033.8061,2025-03-13 17:27:13.806,0.88,0.45,-0.16
1741912034.3098,2025-03-13 17:27:14.309,0.87,0.47,-0.13
1741912034.8146,2025-03-13 17:27:14.814,0.87,0.47,-0.14
1741912035.3199,2025-03-13 17:27:15.319,0.98,0.16,0.14
1741912035.8234,2025-03-13 17:27:15.823,0.97,0.21,0.08
1741912036.3276,2025-03-13 17:27:16.327,0.80,0.55,-0.23
1741912036.8318,2025-03-13 17:27:16.831,0.80,0.55,-0.23
1741912037.3365,2025-03-13 17:27:17.336,0.82,0.53,-0.21
1741912037.8418,2025-03-13 17:27:17.841,0.83,0.52,-0.20
1741912038.3457,2025-03-13 17:27:18.345,0.83,0.52,-0.20
1741912038.8508,2025-03-13 17:27:18.850,0.83,0.52,-0.20
1741912039.3559,2025-03-13 17:27:19.355,0.82,0.54,-0.22
1741912039.8594,2025-03-13 17:27:19.859,0.81,0.55,-0.22
1741912040.3639,2025-03-13 17:27:20.363,0.81,0.55,-0.21
1741912040.8693,2025-03-13 17:27:20.869,0.82,0.53,-0.19
1741912041.3724,2025-03-13 17:27:21.372,0.82,0.54,-0.18
1741912041.8762,2025-03-13 17:27:21.876,0.84,0.52,-0.17
1741912042.3811,2025-03-13 17:27:22.381,0.87,0.48,-0.13
1741912042.8859,2025-03-13 17:27:22.885,0.87,0.47,-0.13
1741912043.3898,2025-03-13 17:27:23.389,0.98,0.14,0.13
1741912043.8939,2025-03-13 17:27:23.893,0.99,0.11,0.13
1741912044.3982,2025-03-13 17:27:24.398,0.99,0.09,0.11
1741912044.9019,2025-03-13 17:27:24.901,0.99,0.05,0.09
1741912045.4069,2025-03-13 17:27:25.406,1.00,0.03,0.08
1741912045.9112,2025-03-13 17:27:25.911,1.00,0.02,0.08
1741912046.4153,2025-03-13 17:27:26.415,1.00,0.03,0.10
1741912046.9201,2025-03-13 17:27:26.920,0.99,0.03,0.11
1741912047.4228,2025-03-13 17:27:27.422,0.84,0.46,-0.29
1741912047.9285,2025-03-13 17:27:27.928,0.82,0.47,-0.32
1741912048.4335,2025-03-13 17:27:28.433,0.82,0.45,-0.36
1741912048.937,2025-03-13 17:27:28.937,0.86,0.39,-0.32
1741912049.4423,2025-03-13 17:27:29.442,0.89,0.36,-0.29
1741912049.9467,2025-03-13 17:27:29.946,0.99,-0.06,0.11
1741912050.4494,2025-03-13 17:27:30.449,0.99,-0.06,0.13
1741912050.9537,2025-03-13 17:27:30.953,0.92,0.33,-0.23
1741912051.4575,2025-03-13 17:27:31.457,0.94,0.30,-0.14
1741912051.9629,2025-03-13 17:27:31.962,0.95,0.31,-0.09
1741912052.4674,2025-03-13 17:27:32.467,0.94,0.32,-0.10
1741912052.9722,2025-03-13 17:27:32.972,0.93,0.35,-0.13
1741912053.4772,2025-03-13 17:27:33.477,0.92,0.37,-0.15
1741912053.9811,2025-03-13 17:27:33.981,0.91,0.39,-0.12
1741912054.4846,2025-03-13 17:27:34.484,0.97,-0.02,0.23
1741912054.9891,2025-03-13 17:27:34.989,0.97,-0.05,0.25
1741912055.4934,2025-03-13 17:27:35.493,0.96,0.29,0.01
1741912055.9988,2025-03-13 17:27:35.998,0.96,0.29,0.01
1741912056.5049,2025-03-13 17:27:36.504,0.95,0.30,-0.02
1741912057.0078,2025-03-13 17:27:37.007,0.91,0.42,-0.05
1741912057.5122,2025-03-13 17:27:37.512,0.88,0.46,-0.08
1741912058.0163,2025-03-13 17:27:38.016,0.87,0.48,-0.11
1741912058.52,2025-03-13 17:27:38.520,0.87,0.47,-0.12
1741912059.025,2025-03-13 17:27:39.025,0.98,0.02,0.19
1741912059.5281,2025-03-13 17:27:39.528,0.99,0.02,0.17
1741912060.0322,2025-03-13 17:27:40.032,0.99,0.02,0.16
1741912060.5368,2025-03-13 17:27:40.536,0.85,0.48,-0.22
1741912061.0399,2025-03-13 17:27:41.039,0.81,0.51,-0.29
1741912061.5451,2025-03-13 17:27:41.545,0.80,0.51,-0.31
1741912062.0495,2025-03-13 17:27:42.049,0.79,0.52,-0.32
1741912062.5534,2025-03-13 17:27:42.553,0.81,0.53,-0.27
1741912063.0582,2025-03-13 17:27:43.058,0.81,0.54,-0.21
1741912063.5622,2025-03-13 17:27:43.562,0.82,0.53,-0.21
1741912064.0677,2025-03-13 17:27:44.067,0.82,0.53,-0.22
1741912064.571,2025-03-13 17:27:44.571,0.82,0.50,-0.28
1741912065.0752,2025-03-13 17:27:45.075,0.83,0.48,-0.28
1741912065.5812,2025-03-13 17:27:45.581,0.85,0.45,-0.27
1741912066.0845,2025-03-13 17:27:46.084,0.86,0.43,-0.27
1741912066.5891,2025-03-13 17:27:46.589,0.87,0.42,-0.27
1741912067.094,2025-03-13 17:27:47.094,0.88,0.42,-0.24
1741912067.5971,2025-03-13 17:27:47.597,0.88,0.44,-0.20
1741912068.1023,2025-03-13 17:27:48.102,0.99,0.04,0.15
1741912068.6064,2025-03-13 17:27:48.606,0.99,0.05,0.16
1741912069.1103,2025-03-13 17:27:49.110,0.85,0.49,-0.20
1741912069.6151,2025-03-13 17:27:49.615,0.85,0.49,-0.20
1741912070.1193,2025-03-13 17:27:50.119,0.86,0.48,-0.17
1741912070.6237,2025-03-13 17:27:50.623,0.85,0.49,-0.16
1741912071.1277,2025-03-13 17:27:51.127,0.83,0.53,-0.18
1741912071.6314,2025-03-13 17:27:51.631,0.82,0.54,-0.19
1741912072.136,2025-03-13 17:27:52.136,0.83,0.53,-0.18
1741912072.6397,2025-03-13 17:27:52.639,0.82,0.54,-0.17
1741912073.1445,2025-03-13 17:27:53.144,0.82,0.55,-0.16
1741912073.65,2025-03-13 17:27:53.650,0.83,0.54,-0.14
1741912074.1534,2025-03-13 17:27:54.153,0.98,0.09,0.18
1741912074.6581,2025-03-13 17:27:54.658,0.83,0.54,-0.17
1741912075.1636,2025-03-13 17:27:55.163,0.82,0.52,-0.22
1741912075.6676,2025-03-13 17:27:55.667,0.80,0.54,-0.27
1741912076.1714,2025-03-13 17:27:56.171,0.79,0.53,-0.31
1741912076.6746,2025-03-13 17:27:56.674,0.81,0.50,-0.29
1741912077.1784,2025-03-13 17:27:57.178,0.82,0.50,-0.28
1741912077.6839,2025-03-13 17:27:57.683,0.82,0.51,-0.26
1741912078.1894,2025-03-13 17:27:58.189,0.82,0.51,-0.25
1741912078.6939,2025-03-13 17:27:58.693,0.99,0.06,0.14
1741912079.1979,2025-03-13 17:27:59.197,0.84,0.51,-0.16
1741912079.702,2025-03-13 17:27:59.702,0.85,0.50,-0.14
1741912080.2067,2025-03-13 17:28:00.206,0.86,0.47,-0.19
1741912080.7115,2025-03-13 17:28:00.711,0.87,0.44,-0.22
1741912081.2148,2025-03-13 17:28:01.214,0.87,0.44,-0.23
1741912081.7211,2025-03-13 17:28:01.721,0.85,0.45,-0.26
1741912082.2245,2025-03-13 17:28:02.224,0.85,0.45,-0.26
1741912082.729,2025-03-13 17:28:02.729,0.88,0.42,-0.23
1741912083.2336,2025-03-13 17:28:03.233,0.99,-0.02,0.17
1741912083.7382,2025-03-13 17:28:03.738,0.87,0.44,-0.21
1741912084.2433,2025-03-13 17:28:04.243,0.87,0.46,-0.19
1741912084.7483,2025-03-13 17:28:04.748,0.87,0.46,-0.19
1741912085.252,2025-03-13 17:28:05.252,0.83,0.50,-0.25
1741912085.7572,2025-03-13 17:28:05.757,0.83,0.50,-0.25
1741912086.2594,2025-03-13 17:28:06.259,0.99,0.05,0.16
1741912086.7633,2025-03-13 17:28:06.763,0.98,0.05,0.19
1741912087.2678,2025-03-13 17:28:07.267,0.98,0.06,0.20
1741912087.7712,2025-03-13 17:28:07.771,0.98,0.06,0.20
1741912088.2757,2025-03-13 17:28:08.275,0.98,0.08,0.18
1741912088.7803,2025-03-13 17:28:08.780,0.98,0.08,0.18
1741912089.2845,2025-03-13 17:28:09.284,0.82,0.55,-0.17
1741912089.7894,2025-03-13 17:28:09.789,0.83,0.54,-0.15
1741912090.2925,2025-03-13 17:28:10.292,0.83,0.53,-0.20
1741912090.7973,2025-03-13 17:28:10.797,0.82,0.51,-0.28
1741912091.3018,2025-03-13 17:28:11.301,0.80,0.51,-0.31
1741912091.8044,2025-03-13 17:28:11.804,0.99,0.03,0.11
1741912092.3089,2025-03-13 17:28:12.308,0.99,0.03,0.10
1741912092.8134,2025-03-13 17:28:12.813,1.00,0.05,0.08
1741912093.3189,2025-03-13 17:28:13.318,1.00,0.06,0.05
1741912093.8236,2025-03-13 17:28:13.823,1.00,0.07,0.04
1741912094.3285,2025-03-13 17:28:14.328,0.75,0.54,-0.39
1741912094.8323,2025-03-13 17:28:14.832,0.75,0.54,-0.39
1741912095.3373,2025-03-13 17:28:15.337,0.76,0.54,-0.35
1741912095.8414,2025-03-13 17:28:15.841,0.77,0.54,-0.34
1741912096.3453,2025-03-13 17:28:16.345,0.79,0.53,-0.31
1741912096.8505,2025-03-13 17:28:16.850,0.99,0.08,0.14
1741912097.354,2025-03-13 17:28:17.354,0.98,0.09,0.16
1741912097.8584,2025-03-13 17:28:17.858,0.98,0.08,0.16
1741912098.3626,2025-03-13 17:28:18.362,0.98,0.08,0.16
1741912098.8664,2025-03-13 17:28:18.866,0.82,0.51,-0.25
1741912099.3705,2025-03-13 17:28:19.370,0.82,0.51,-0.25
1741912099.8745,2025-03-13 17:28:19.874,0.84,0.49,-0.24
1741912100.3796,2025-03-13 17:28:20.379,0.84,0.49,-0.22
1741912100.8835,2025-03-13 17:28:20.883,0.84,0.49,-0.21
1741912101.3891,2025-03-13 17:28:21.389,0.85,0.49,-0.19
1741912101.8927,2025-03-13 17:28:21.892,0.88,0.45,-0.15
1741912102.3967,2025-03-13 17:28:22.396,0.90,0.42,-0.13
1741912102.9013,2025-03-13 17:28:22.901,0.91,0.40,-0.11
1741912103.4052,2025-03-13 17:28:23.405,0.92,0.38,-0.08
1741912103.9091,2025-03-13 17:28:23.909,0.92,0.39,-0.06
1741912104.4138,2025-03-13 17:28:24.413,0.92,0.39,-0.06
1741912104.9177,2025-03-13 17:28:24.917,0.90,0.42,-0.10
1741912105.423,2025-03-13 17:28:25.423,0.88,0.45,-0.15
1741912105.9269,2025-03-13 17:28:25.926,0.87,0.45,-0.19
1741912106.4312,2025-03-13 17:28:26.431,0.89,0.42,-0.16
1741912106.9356,2025-03-13 17:28:26.935,0.90,0.43,-0.12
1741912107.4398,2025-03-13 17:28:27.439,0.88,0.45,-0.14
1741912107.9445,2025-03-13 17:28:27.944,0.88,0.45,-0.13
1741912108.4506,2025-03-13 17:28:28.450,0.88,0.46,-0.12
1741912108.9533,2025-03-13 17:28:28.953,0.84,0.52,-0.17
1741912109.4574,2025-03-13 17:28:29.457,0.79,0.58,-0.19
1741912109.9615,2025-03-13 17:28:29.961,0.78,0.59,-0.20
1741912110.4652,2025-03-13 17:28:30.465,0.78,0.59,-0.21
1741912110.9701,2025-03-13 17:28:30.970,0.81,0.55,-0.18
1741912111.4744,2025-03-13 17:28:31.474,0.85,0.50,-0.14
1741912111.9778,2025-03-13 17:28:31.977,0.86,0.50,-0.13
1741912112.4829,2025-03-13 17:28:32.482,0.84,0.53,-0.15
1741912112.986,2025-03-13 17:28:32.986,0.80,0.56,-0.18
1741912113.4915,2025-03-13 17:28:33.491,0.81,0.56,-0.17
1741912113.9964,2025-03-13 17:28:33.996,0.82,0.55,-0.18
1741912114.5004,2025-03-13 17:28:34.500,0.83,0.52,-0.18
1741912115.0054,2025-03-13 17:28:35.005,0.86,0.48,-0.17
1741912115.509,2025-03-13 17:28:35.509,0.98,0.18,0.11
1741912116.0137,2025-03-13 17:28:36.013,0.98,0.18,0.10
1741912116.5177,2025-03-13 17:28:36.517,0.98,0.17,0.11
1741912117.0222,2025-03-13 17:28:37.022,0.98,0.13,0.15
1741912117.5274,2025-03-13 17:28:37.527,0.90,0.43,-0.09
1741912118.0323,2025-03-13 17:28:38.032,0.90,0.43,-0.09
1741912118.5355,2025-03-13 17:28:38.535,0.87,0.48,-0.13
1741912119.0402,2025-03-13 17:28:39.040,0.87,0.48,-0.15
1741912119.5438,2025-03-13 17:28:39.543,0.87,0.48,-0.16
1741912120.0474,2025-03-13 17:28:40.047,0.87,0.48,-0.16
1741912120.5529,2025-03-13 17:28:40.552,0.87,0.47,-0.14
1741912121.0569,2025-03-13 17:28:41.056,0.89,0.44,-0.12
1741912121.5618,2025-03-13 17:28:41.561,0.98,0.15,0.14
1741912122.067,2025-03-13 17:28:42.067,0.98,0.17,0.13
1741912122.5703,2025-03-13 17:28:42.570,0.98,0.16,0.13
1741912123.0752,2025-03-13 17:28:43.075,0.88,0.47,-0.10
1741912123.5803,2025-03-13 17:28:43.580,0.88,0.47,-0.08
1741912124.0844,2025-03-13 17:28:44.084,0.87,0.48,-0.09
1741912124.5886,2025-03-13 17:28:44.588,0.86,0.49,-0.13
1741912125.092,2025-03-13 17:28:45.092,0.85,0.49,-0.18
1741912125.5976,2025-03-13 17:28:45.597,0.82,0.51,-0.25
1741912126.1017,2025-03-13 17:28:46.101,0.80,0.53,-0.27
1741912126.6051,2025-03-13 17:28:46.605,0.81,0.54,-0.25
1741912127.1101,2025-03-13 17:28:47.110,0.80,0.55,-0.23
1741912127.6136,2025-03-13 17:28:47.613,0.78,0.58,-0.24
1741912128.1181,2025-03-13 17:28:48.118,0.96,0.26,0.06
1741912128.6224,2025-03-13 17:28:48.622,0.97,0.22,0.09
1741912129.1273,2025-03-13 17:28:49.127,0.97,0.20,0.11
1741912129.6314,2025-03-13 17:28:49.631,0.97,0.20,0.11
1741912130.1354,2025-03-13 17:28:50.135,0.98,0.15,0.15
1741912130.6399,2025-03-13 17:28:50.639,0.98,0.11,0.18
1741912131.1452,2025-03-13 17:28:51.145,0.98,0.10,0.19
1741912131.6484,2025-03-13 17:28:51.648,0.98,0.11,0.17
1741912132.1527,2025-03-13 17:28:52.152,0.98,0.14,0.16
1741912132.657,2025-03-13 17:28:52.657,0.87,0.47,-0.12
1741912133.161,2025-03-13 17:28:53.161,0.90,0.43,-0.04
1741912133.6655,2025-03-13 17:28:53.665,0.90,0.44,-0.03
1741912134.1699,2025-03-13 17:28:54.169,0.89,0.45,-0.03
1741912134.6745,2025-03-13 17:28:54.674,0.87,0.49,-0.08
1741912135.1792,2025-03-13 17:28:55.179,0.97,0.17,0.15
1741912135.6823,2025-03-13 17:28:55.682,0.98,0.18,0.13
1741912136.1877,2025-03-13 17:28:56.187,0.98,0.19,0.10
1741912136.6924,2025-03-13 17:28:56.692,0.97,0.21,0.08
1741912137.1955,2025-03-13 17:28:57.195,0.86,0.48,-0.17
1741912137.701,2025-03-13 17:28:57.701,0.87,0.47,-0.14
1741912138.2043,2025-03-13 17:28:58.204,0.88,0.46,-0.10
1741912138.7086,2025-03-13 17:28:58.708,0.89,0.45,-0.11
1741912139.2133,2025-03-13 17:28:59.213,0.89,0.45,-0.13
1741912139.7166,2025-03-13 17:28:59.716,0.88,0.45,-0.14
1741912140.2215,2025-03-13 17:29:00.221,0.98,0.17,0.11
1741912140.7261,2025-03-13 17:29:00.726,0.98,0.17,0.14
1741912141.2299,2025-03-13 17:29:01.229,0.97,0.20,0.13
1741912141.7342,2025-03-13 17:29:01.734,0.87,0.46,-0.16
1741912142.2384,2025-03-13 17:29:02.238,0.88,0.45,-0.14
1741912142.7429,2025-03-13 17:29:02.742,0.89,0.44,-0.14
1741912143.2478,2025-03-13 17:29:03.247,0.89,0.43,-0.17
1741912143.7522,2025-03-13 17:29:03.752,0.91,0.37,-0.19
1741912144.2573,2025-03-13 17:29:04.257,0.91,0.37,-0.19
1741912144.7607,2025-03-13 17:29:04.760,0.99,0.14,0.09
1741912145.2645,2025-03-13 17:29:05.264,0.98,0.19,0.11
1741912145.77,2025-03-13 17:29:05.770,0.97,0.21,0.08
1741912146.2749,2025-03-13 17:29:06.274,0.97,0.23,0.06
1741912146.7777,2025-03-13 17:29:06.777,0.97,0.23,0.04
1741912147.2824,2025-03-13 17:29:07.282,0.97,0.24,0.02
1741912147.7861,2025-03-13 17:29:07.786,0.97,0.25,0.01
1741912148.2911,2025-03-13 17:29:08.291,0.97,0.24,-0.06
1741912148.7948,2025-03-13 17:29:08.794,0.96,0.26,-0.08
1741912149.2984,2025-03-13 17:29:09.298,0.95,0.30,-0.09
1741912149.8041,2025-03-13 17:29:09.804,0.95,0.30,-0.09
1741912150.3082,2025-03-13 17:29:10.308,0.86,0.46,-0.21
1741912150.8125,2025-03-13 17:29:10.812,0.88,0.44,-0.19
1741912151.3173,2025-03-13 17:29:11.317,0.87,0.41,-0.26
1741912151.8209,2025-03-13 17:29:11.820,0.86,0.40,-0.31
1741912152.3254,2025-03-13 17:29:12.325,0.85,0.41,-0.34
1741912152.8298,2025-03-13 17:29:12.829,0.92,0.31,-0.23
1741912153.334,2025-03-13 17:29:13.334,0.93,0.31,-0.22
1741912153.8387,2025-03-13 17:29:13.838,0.95,0.28,-0.14
1741912154.3431,2025-03-13 17:29:14.343,0.96,0.26,-0.09
1741912154.8469,2025-03-13 17:29:14.846,0.96,0.26,-0.05
1741912155.3514,2025-03-13 17:29:15.351,0.96,0.26,-0.02
1741912155.8559,2025-03-13 17:29:15.855,0.97,0.25,-0.01
1741912156.3612,2025-03-13 17:29:16.361,0.97,0.24,0.01
1741912156.8659,2025-03-13 17:29:16.865,0.97,0.23,-0.01
1741912157.3697,2025-03-13 17:29:17.369,0.98,0.21,0.00
1741912157.8763,2025-03-13 17:29:17.876,0.98,0.18,0.02
1741912158.38,2025-03-13 17:29:18.380,0.89,0.40,-0.23
1741912158.8842,2025-03-13 17:29:18.884,0.89,0.39,-0.23
1741912159.3889,2025-03-13 17:29:19.388,0.90,0.40,-0.18
1741912159.892,2025-03-13 17:29:19.892,0.90,0.41,-0.18
1741912160.3977,2025-03-13 17:29:20.397,0.89,0.37,-0.25
1741912160.9018,2025-03-13 17:29:20.901,0.85,0.41,-0.32
1741912161.4063,2025-03-13 17:29:21.406,0.86,0.41,-0.30
1741912161.9107,2025-03-13 17:29:21.910,0.86,0.42,-0.30
1741912162.413,2025-03-13 17:29:22.413,0.87,0.43,-0.26
1741912162.9182,2025-03-13 17:29:22.918,0.85,0.48,-0.22
1741912163.4238,2025-03-13 17:29:23.423,0.98,0.19,0.05
1741912163.9258,2025-03-13 17:29:23.925,0.98,0.19,0.06
1741912164.4309,2025-03-13 17:29:24.430,0.98,0.18,0.06
1741912164.9351,2025-03-13 17:29:24.935,0.98,0.19,0.09
1741912165.4396,2025-03-13 17:29:25.439,0.85,0.50,-0.14
1741912165.9447,2025-03-13 17:29:25.944,0.86,0.50,-0.13
1741912166.4485,2025-03-13 17:29:26.448,0.86,0.49,-0.11
1741912166.9532,2025-03-13 17:29:26.953,0.88,0.47,-0.10
1741912167.46,2025-03-13 17:29:27.460,0.88,0.46,-0.11
1741912167.9631,2025-03-13 17:29:27.963,0.98,0.16,0.12
1741912168.468,2025-03-13 17:29:28.468,0.99,0.14,0.07
1741912168.9724,2025-03-13 17:29:28.972,0.99,0.16,0.04
1741912169.4774,2025-03-13 17:29:29.477,0.99,0.16,0.04
1741912169.9807,2025-03-13 17:29:29.980,0.99,0.12,0.08
1741912170.4843,2025-03-13 17:29:30.484,0.99,0.10,0.12
1741912170.9882,2025-03-13 17:29:30.988,0.99,0.10,0.12
1741912171.4921,2025-03-13 17:29:31.492,0.99,0.13,0.08
1741912171.9964,2025-03-13 17:29:31.996,0.86,0.46,-0.23
1741912172.5007,2025-03-13 17:29:32.500,0.85,0.46,-0.24
1741912173.0052,2025-03-13 17:29:33.005,0.83,0.50,-0.25
1741912173.5092,2025-03-13 17:29:33.509,0.82,0.51,-0.26
1741912174.0145,2025-03-13 17:29:34.014,0.82,0.50,-0.28
1741912174.5172,2025-03-13 17:29:34.517,0.99,0.14,0.06
1741912175.0219,2025-03-13 17:29:35.021,0.99,0.13,0.07
1741912175.5258,2025-03-13 17:29:35.525,0.99,0.13,0.03
1741912176.0279,2025-03-13 17:29:36.027,0.98,0.19,-0.02
1741912176.5339,2025-03-13 17:29:36.533,0.98,0.21,-0.02
1741912177.0386,2025-03-13 17:29:37.038,0.98,0.19,0.00
1741912177.543,2025-03-13 17:29:37.543,0.99,0.17,-0.01
1741912178.0475,2025-03-13 17:29:38.047,0.98,0.18,-0.02
1741912178.5514,2025-03-13 17:29:38.551,0.87,0.42,-0.26
1741912179.0555,2025-03-13 17:29:39.055,0.87,0.43,-0.25
1741912179.5595,2025-03-13 17:29:39.559,0.86,0.44,-0.26
1741912180.0634,2025-03-13 17:29:40.063,0.85,0.45,-0.26
1741912180.5681,2025-03-13 17:29:40.568,0.88,0.41,-0.23
1741912181.0721,2025-03-13 17:29:41.072,0.92,0.35,-0.20
1741912181.5772,2025-03-13 17:29:41.577,0.94,0.30,-0.15
1741912182.0818,2025-03-13 17:29:42.081,0.95,0.30,-0.13
1741912182.5854,2025-03-13 17:29:42.585,0.98,0.17,0.08
1741912183.0908,2025-03-13 17:29:43.090,0.98,0.19,0.07
1741912183.5953,2025-03-13 17:29:43.595,0.98,0.20,0.06
1741912184.0989,2025-03-13 17:29:44.098,0.93,0.35,-0.09
1741912184.6039,2025-03-13 17:29:44.603,0.93,0.35,-0.09
1741912185.1084,2025-03-13 17:29:45.108,0.93,0.36,-0.06
1741912185.6128,2025-03-13 17:29:45.612,0.92,0.39,-0.05
1741912186.1167,2025-03-13 17:29:46.116,0.92,0.39,-0.05
1741912186.62,2025-03-13 17:29:46.620,0.95,0.31,0.01
1741912187.1251,2025-03-13 17:29:47.125,0.95,0.31,0.01
1741912187.6289,2025-03-13 17:29:47.628,0.94,0.34,-0.02
1741912188.1326,2025-03-13 17:29:48.132,0.94,0.34,-0.02
1741912188.638,2025-03-13 17:29:48.638,0.94,0.35,0.01
1741912189.1419,2025-03-13 17:29:49.141,0.90,0.43,-0.03
1741912189.6468,2025-03-13 17:29:49.646,0.90,0.44,-0.03
1741912190.1514,2025-03-13 17:29:50.151,0.89,0.45,-0.08
1741912190.655,2025-03-13 17:29:50.655,0.86,0.50,-0.14
1741912191.1597,2025-03-13 17:29:51.159,0.83,0.51,-0.23
1741912191.664,2025-03-13 17:29:51.664,0.94,0.33,-0.08
1741912192.1684,2025-03-13 17:29:52.168,0.94,0.32,-0.11
1741912192.6725,2025-03-13 17:29:52.672,0.94,0.32,-0.11
1741912193.1771,2025-03-13 17:29:53.177,0.94,0.34,-0.08
1741912193.6822,2025-03-13 17:29:53.682,0.94,0.33,-0.06
1741912194.1856,2025-03-13 17:29:54.185,0.95,0.30,-0.10
1741912194.6897,2025-03-13 17:29:54.689,0.96,0.27,-0.08
1741912195.1946,2025-03-13 17:29:55.194,0.97,0.22,-0.09
1741912195.6986,2025-03-13 17:29:55.698,0.97,0.23,-0.09
1741912196.2033,2025-03-13 17:29:56.203,0.97,0.23,-0.07
1741912196.7074,2025-03-13 17:29:56.707,0.97,0.23,-0.06
1741912197.2117,2025-03-13 17:29:57.211,0.98,0.22,-0.04
1741912197.7174,2025-03-13 17:29:57.717,0.98,0.18,-0.01
1741912198.2219,2025-03-13 17:29:58.221,0.98,0.17,0.01
1741912198.7257,2025-03-13 17:29:58.725,0.98,0.19,0.01
1741912199.2324,2025-03-13 17:29:59.232,0.97,0.23,-0.03
1741912199.7372,2025-03-13 17:29:59.737,0.96,0.26,-0.06
1741912200.2411,2025-03-13 17:30:00.241,0.96,0.25,-0.10
1741912200.7446,2025-03-13 17:30:00.744,0.96,0.26,-0.10
1741912201.2489,2025-03-13 17:30:01.248,0.96,0.26,-0.09
1741912201.7585,2025-03-13 17:30:01.758,0.96,0.27,-0.05
1741912202.2673,2025-03-13 17:30:02.267,0.96,0.27,-0.05
1741912202.778,2025-03-13 17:30:02.778,0.97,0.24,-0.05
1741912203.2854,2025-03-13 17:30:03.285,0.97,0.24,-0.04
1741912203.7904,2025-03-13 17:30:03.790,0.97,0.22,-0.05
1741912204.2942,2025-03-13 17:30:04.294,0.98,0.21,-0.04
1741912204.8008,2025-03-13 17:30:04.800,0.89,0.39,-0.24
1741912205.2993,2025-03-13 17:30:05.299,0.89,0.39,-0.24
1741912205.8002,2025-03-13 17:30:05.800,0.87,0.40,-0.28
1741912206.3007,2025-03-13 17:30:06.300,0.87,0.40,-0.28
1741912206.8075,2025-03-13 17:30:06.807,0.86,0.43,-0.29
1741912207.311,2025-03-13 17:30:07.311,0.97,0.23,-0.08
1741912207.8174,2025-03-13 17:30:07.817,0.97,0.23,-0.10
1741912208.3183,2025-03-13 17:30:08.318,0.97,0.23,-0.09
1741912208.8186,2025-03-13 17:30:08.818,0.97,0.21,-0.08
1741912209.3213,2025-03-13 17:30:09.321,0.98,0.19,-0.06
1741912209.8244,2025-03-13 17:30:09.824,0.98,0.18,-0.06
1741912210.3281,2025-03-13 17:30:10.328,0.98,0.20,-0.05
1741912210.8314,2025-03-13 17:30:10.831,0.98,0.19,-0.05
1741912211.3358,2025-03-13 17:30:11.335,0.99,0.16,-0.01
1741912211.8396,2025-03-13 17:30:11.839,0.99,0.15,-0.01
1741912212.3434,2025-03-13 17:30:12.343,0.99,0.14,-0.01
1741912212.8477,2025-03-13 17:30:12.847,0.99,0.14,-0.04
1741912213.3529,2025-03-13 17:30:13.352,0.99,0.13,-0.04
1741912213.8572,2025-03-13 17:30:13.857,0.99,0.13,-0.03
1741912214.3611,2025-03-13 17:30:14.361,0.99,0.12,-0.02
1741912214.8645,2025-03-13 17:30:14.864,0.99,0.14,-0.02
1741912215.3696,2025-03-13 17:30:15.369,0.99,0.09,0.05
1741912215.8738,2025-03-13 17:30:15.873,0.99,0.12,0.07
1741912216.3789,2025-03-13 17:30:16.378,0.98,0.18,0.03
1741912216.8838,2025-03-13 17:30:16.883,0.97,0.21,0.06
1741912217.388,2025-03-13 17:30:17.388,0.97,0.24,0.09
1741912217.8921,2025-03-13 17:30:17.892,0.97,0.23,0.09
1741912218.3956,2025-03-13 17:30:18.395,0.97,0.24,0.06
1741912218.899,2025-03-13 17:30:18.899,0.98,0.22,0.02
1741912219.4033,2025-03-13 17:30:19.403,0.98,0.22,0.02
1741912219.907,2025-03-13 17:30:19.907,0.97,0.23,-0.02
1741912220.4118,2025-03-13 17:30:20.411,0.98,0.21,-0.02
1741912220.9164,2025-03-13 17:30:20.916,0.98,0.21,-0.04
1741912221.4203,2025-03-13 17:30:21.420,0.98,0.21,-0.02
1741912221.9251,2025-03-13 17:30:21.925,0.97,0.23,-0.04
1741912222.429,2025-03-13 17:30:22.429,0.97,0.23,-0.01
1741912222.9329,2025-03-13 17:30:22.932,0.98,0.20,0.03
1741912223.4386,2025-03-13 17:30:23.438,0.98,0.18,0.09
1741912223.9423,2025-03-13 17:30:23.942,0.98,0.18,0.08
1741912224.4463,2025-03-13 17:30:24.446,0.98,0.17,0.10
1741912224.9509,2025-03-13 17:30:24.950,0.98,0.14,0.11
1741912225.4536,2025-03-13 17:30:25.453,0.98,0.14,0.11
1741912225.9593,2025-03-13 17:30:25.959,0.99,0.10,0.13
1741912226.4641,2025-03-13 17:30:26.464,0.99,0.08,0.13
1741912226.9676,2025-03-13 17:30:26.967,0.99,0.06,0.13
1741912227.4727,2025-03-13 17:30:27.472,0.99,0.06,0.12
1741912227.9764,2025-03-13 17:30:27.976,0.99,0.06,0.10
1741912228.481,2025-03-13 17:30:28.481,0.99,0.08,0.08
1741912228.9852,2025-03-13 17:30:28.985,0.99,0.11,0.12
1741912229.49,2025-03-13 17:30:29.490,0.99,0.11,0.12
1741912229.9943,2025-03-13 17:30:29.994,0.99,0.11,0.11
1741912230.4991,2025-03-13 17:30:30.499,0.99,0.09,0.12
1741912231.0029,2025-03-13 17:30:31.002,0.99,0.10,0.11
1741912231.5074,2025-03-13 17:30:31.507,0.99,0.12,0.10
1741912232.0113,2025-03-13 17:30:32.011,0.99,0.14,0.07
1741912232.5158,2025-03-13 17:30:32.515,0.99,0.14,0.07
1741912233.0196,2025-03-13 17:30:33.019,0.99,0.15,0.05
1741912233.5233,2025-03-13 17:30:33.523,0.98,0.18,0.07
1741912234.0285,2025-03-13 17:30:34.028,0.98,0.20,0.05
1741912234.5318,2025-03-13 17:30:34.531,0.98,0.18,0.09
1741912235.0368,2025-03-13 17:30:35.036,0.98,0.16,0.10
1741912235.5411,2025-03-13 17:30:35.541,0.98,0.14,0.12
1741912236.0454,2025-03-13 17:30:36.045,0.85,0.49,-0.18
1741912236.5497,2025-03-13 17:30:36.549,0.88,0.45,-0.15
1741912237.0542,2025-03-13 17:30:37.054,0.90,0.41,-0.14
1741912237.5595,2025-03-13 17:30:37.559,0.90,0.40,-0.19
1741912238.0647,2025-03-13 17:30:38.064,0.88,0.43,-0.22
1741912238.5676,2025-03-13 17:30:38.567,0.83,0.48,-0.27
1741912239.0715,2025-03-13 17:30:39.071,0.99,0.16,0.04
1741912239.5762,2025-03-13 17:30:39.576,0.98,0.17,0.02
1741912240.08,2025-03-13 17:30:40.080,0.99,0.16,-0.03
1741912240.5851,2025-03-13 17:30:40.585,0.99,0.16,-0.04
1741912241.0893,2025-03-13 17:30:41.089,0.99,0.13,-0.03
1741912241.5932,2025-03-13 17:30:41.593,0.99,0.14,-0.05
1741912242.0976,2025-03-13 17:30:42.097,0.99,0.14,-0.07
1741912242.6016,2025-03-13 17:30:42.601,0.99,0.15,-0.08
1741912243.1065,2025-03-13 17:30:43.106,0.99,0.11,-0.03
1741912243.6099,2025-03-13 17:30:43.609,0.99,0.13,-0.02
1741912244.1139,2025-03-13 17:30:44.113,0.99,0.13,-0.01
1741912244.619,2025-03-13 17:30:44.619,0.99,0.12,-0.02
1741912245.1233,2025-03-13 17:30:45.123,0.88,0.37,-0.28
1741912245.6279,2025-03-13 17:30:45.627,0.88,0.37,-0.29
1741912246.1332,2025-03-13 17:30:46.133,0.87,0.38,-0.31
1741912246.6365,2025-03-13 17:30:46.636,0.87,0.38,-0.31
1741912247.142,2025-03-13 17:30:47.142,0.84,0.43,-0.34
1741912247.6458,2025-03-13 17:30:47.645,0.98,0.20,-0.04
1741912248.1485,2025-03-13 17:30:48.148,0.98,0.21,0.00
1741912248.6543,2025-03-13 17:30:48.654,0.98,0.20,0.03
1741912249.1587,2025-03-13 17:30:49.158,0.99,0.16,0.07
1741912249.6628,2025-03-13 17:30:49.662,0.99,0.15,0.07
1741912250.1675,2025-03-13 17:30:50.167,0.99,0.15,0.07
1741912250.6716,2025-03-13 17:30:50.671,0.81,0.51,-0.29
1741912251.1767,2025-03-13 17:30:51.176,0.79,0.53,-0.31
1741912251.6814,2025-03-13 17:30:51.681,0.79,0.54,-0.29
1741912252.1841,2025-03-13 17:30:52.184,0.77,0.56,-0.30
1741912252.6889,2025-03-13 17:30:52.688,0.76,0.57,-0.32
1741912253.1935,2025-03-13 17:30:53.193,0.72,0.56,-0.40
1741912253.6975,2025-03-13 17:30:53.697,0.98,0.16,-0.09
1741912254.202,2025-03-13 17:30:54.202,0.99,0.15,-0.07
1741912254.706,2025-03-13 17:30:54.706,0.99,0.13,-0.05
1741912255.2106,2025-03-13 17:30:55.210,0.99,0.13,-0.02
1741912255.7147,2025-03-13 17:30:55.714,0.99,0.13,-0.02
1741912256.2192,2025-03-13 17:30:56.219,0.99,0.14,0.02
1741912256.7248,2025-03-13 17:30:56.724,0.98,0.19,0.05
1741912257.2285,2025-03-13 17:30:57.228,0.97,0.22,0.06
1741912257.7331,2025-03-13 17:30:57.733,0.97,0.24,0.06
1741912258.239,2025-03-13 17:30:58.239,0.96,0.26,0.06
1741912258.7439,2025-03-13 17:30:58.743,0.96,0.28,0.05
1741912259.2507,2025-03-13 17:30:59.250,0.97,0.25,0.07
1741912259.7548,2025-03-13 17:30:59.754,0.97,0.22,0.09
1741912260.2591,2025-03-13 17:31:00.259,0.97,0.23,0.06
1741912260.7612,2025-03-13 17:31:00.761,0.98,0.21,0.05
1741912261.2649,2025-03-13 17:31:01.264,0.98,0.20,0.06
1741912261.768,2025-03-13 17:31:01.768,0.98,0.20,0.06
1741912262.2722,2025-03-13 17:31:02.272,0.98,0.20,0.07
1741912262.7763,2025-03-13 17:31:02.776,0.98,0.19,0.10
1741912263.2811,2025-03-13 17:31:03.281,0.98,0.18,0.11
1741912263.7844,2025-03-13 17:31:03.784,0.92,0.37,-0.08
1741912264.2879,2025-03-13 17:31:04.287,0.92,0.37,-0.09
1741912264.796,2025-03-13 17:31:04.796,0.93,0.36,-0.07
1741912265.3045,2025-03-13 17:31:05.304,0.94,0.34,-0.06
1741912265.812,2025-03-13 17:31:05.812,0.96,0.29,-0.02
1741912266.3192,2025-03-13 17:31:06.319,0.98,0.13,0.14
1741912266.8227,2025-03-13 17:31:06.822,0.98,0.20,0.09
1741912267.3243,2025-03-13 17:31:07.324,0.97,0.24,0.02
1741912267.8276,2025-03-13 17:31:07.827,0.96,0.28,-0.06
1741912268.3283,2025-03-13 17:31:08.328,0.94,0.31,-0.11
1741912268.8341,2025-03-13 17:31:08.834,0.93,0.34,-0.14
1741912269.3428,2025-03-13 17:31:09.342,0.92,0.36,-0.14
1741912269.8448,2025-03-13 17:31:09.844,0.92,0.36,-0.15
1741912270.3487,2025-03-13 17:31:10.348,0.71,0.58,-0.39
1741912270.8543,2025-03-13 17:31:10.854,0.72,0.58,-0.38
1741912271.3568,2025-03-13 17:31:11.356,0.71,0.58,-0.39
1741912271.8609,2025-03-13 17:31:11.860,0.70,0.60,-0.39
1741912272.3639,2025-03-13 17:31:12.363,0.70,0.60,-0.39
1741912272.8692,2025-03-13 17:31:12.869,0.91,0.39,-0.15
1741912273.3713,2025-03-13 17:31:13.371,0.93,0.35,-0.12
1741912273.8757,2025-03-13 17:31:13.875,0.93,0.36,-0.10
1741912274.3814,2025-03-13 17:31:14.381,0.92,0.38,-0.08
1741912274.8841,2025-03-13 17:31:14.884,0.93,0.37,-0.06
1741912275.389,2025-03-13 17:31:15.389,0.94,0.33,0.00
1741912275.8935,2025-03-13 17:31:15.893,0.96,0.28,0.04
1741912276.3959,2025-03-13 17:31:16.395,0.96,0.27,0.01
1741912276.9006,2025-03-13 17:31:16.900,0.97,0.24,-0.03
1741912277.4087,2025-03-13 17:31:17.408,0.97,0.24,-0.02
1741912277.9165,2025-03-13 17:31:17.916,0.97,0.24,0.00
1741912278.4166,2025-03-13 17:31:18.416,0.97,0.26,0.01
1741912278.918,2025-03-13 17:31:18.918,0.97,0.22,0.06
1741912279.421,2025-03-13 17:31:19.421,0.97,0.21,0.08
1741912279.9254,2025-03-13 17:31:19.925,0.97,0.20,0.10
1741912280.4293,2025-03-13 17:31:20.429,0.97,0.20,0.12
1741912280.9336,2025-03-13 17:31:20.933,0.97,0.22,0.12
1741912281.4382,2025-03-13 17:31:21.438,0.97,0.21,0.14
1741912281.9419,2025-03-13 17:31:21.941,0.96,0.21,0.16
1741912282.4456,2025-03-13 17:31:22.445,0.97,0.21,0.16
1741912282.9497,2025-03-13 17:31:22.949,0.97,0.19,0.16
1741912283.4542,2025-03-13 17:31:23.454,0.97,0.18,0.16
1741912283.9581,2025-03-13 17:31:23.958,0.97,0.18,0.16
1741912284.4624,2025-03-13 17:31:24.462,0.84,0.53,-0.13
1741912284.9675,2025-03-13 17:31:24.967,0.83,0.52,-0.21
1741912285.4714,2025-03-13 17:31:25.471,0.83,0.50,-0.23
1741912285.9769,2025-03-13 17:31:25.976,0.88,0.43,-0.17
1741912286.4802,2025-03-13 17:31:26.480,0.89,0.43,-0.14
1741912286.9845,2025-03-13 17:31:26.984,0.98,0.10,0.16
1741912287.4889,2025-03-13 17:31:27.488,0.98,0.11,0.17
1741912287.9932,2025-03-13 17:31:27.993,0.98,0.12,0.18
1741912288.4984,2025-03-13 17:31:28.498,0.98,0.15,0.16
1741912289.0024,2025-03-13 17:31:29.002,0.98,0.15,0.15
1741912289.5063,2025-03-13 17:31:29.506,0.99,0.11,0.10
1741912290.0108,2025-03-13 17:31:30.010,0.99,0.10,0.09
1741912290.5146,2025-03-13 17:31:30.514,0.99,0.12,0.07
1741912291.0191,2025-03-13 17:31:31.019,0.99,0.15,0.07
1741912291.5252,2025-03-13 17:31:31.525,0.98,0.15,0.10
1741912292.0281,2025-03-13 17:31:32.028,0.98,0.16,0.09
1741912292.5324,2025-03-13 17:31:32.532,0.98,0.14,0.11
1741912293.0364,2025-03-13 17:31:33.036,0.99,0.10,0.13
1741912293.54,2025-03-13 17:31:33.540,0.98,0.10,0.14
1741912294.045,2025-03-13 17:31:34.045,0.99,0.13,0.11
1741912294.5492,2025-03-13 17:31:34.549,0.99,0.15,0.08
1741912295.0531,2025-03-13 17:31:35.053,0.99,0.15,0.07
1741912295.5581,2025-03-13 17:31:35.558,0.99,0.14,0.03
1741912296.0631,2025-03-13 17:31:36.063,0.99,0.10,0.04
1741912296.567,2025-03-13 17:31:36.567,0.99,0.12,0.02
1741912297.0715,2025-03-13 17:31:37.071,0.99,0.12,0.03
1741912297.5751,2025-03-13 17:31:37.575,0.99,0.14,0.02
1741912298.0796,2025-03-13 17:31:38.079,0.82,0.48,-0.31
1741912298.5846,2025-03-13 17:31:38.584,0.81,0.47,-0.36
1741912299.0883,2025-03-13 17:31:39.088,0.81,0.45,-0.38
1741912299.5939,2025-03-13 17:31:39.593,0.79,0.47,-0.40
1741912300.0971,2025-03-13 17:31:40.097,0.78,0.47,-0.40
1741912300.6017,2025-03-13 17:31:40.601,0.81,0.45,-0.38
1741912301.1066,2025-03-13 17:31:41.106,0.82,0.43,-0.38
1741912301.6104,2025-03-13 17:31:41.610,0.82,0.43,-0.38
1741912302.1156,2025-03-13 17:31:42.115,0.81,0.43,-0.39
1741912302.6193,2025-03-13 17:31:42.619,0.80,0.46,-0.39
1741912303.123,2025-03-13 17:31:43.123,0.79,0.49,-0.36
1741912303.6277,2025-03-13 17:31:43.627,0.77,0.52,-0.36
1741912304.132,2025-03-13 17:31:44.132,0.76,0.54,-0.36
1741912304.6362,2025-03-13 17:31:44.636,0.77,0.53,-0.36
1741912305.1412,2025-03-13 17:31:45.141,0.99,0.16,0.00
1741912305.6449,2025-03-13 17:31:45.644,0.99,0.11,0.06
1741912306.1494,2025-03-13 17:31:46.149,0.99,0.11,0.07
1741912306.6531,2025-03-13 17:31:46.653,0.85,0.47,-0.23
1741912307.157,2025-03-13 17:31:47.157,0.85,0.48,-0.21
1741912307.6621,2025-03-13 17:31:47.662,0.86,0.47,-0.21
1741912308.1665,2025-03-13 17:31:48.166,0.85,0.48,-0.22
1741912308.671,2025-03-13 17:31:48.671,0.84,0.49,-0.21
1741912309.1751,2025-03-13 17:31:49.175,0.99,0.12,0.12
1741912309.6793,2025-03-13 17:31:49.679,0.99,0.14,0.08
1741912310.1842,2025-03-13 17:31:50.184,0.99,0.15,0.08
1741912310.6891,2025-03-13 17:31:50.689,0.99,0.14,0.08
1741912311.1931,2025-03-13 17:31:51.193,0.99,0.15,0.06
1741912311.6981,2025-03-13 17:31:51.698,0.98,0.17,0.07
1741912312.2014,2025-03-13 17:31:52.201,0.98,0.19,0.05
1741912312.7056,2025-03-13 17:31:52.705,0.97,0.22,0.02
1741912313.2105,2025-03-13 17:31:53.210,0.98,0.22,-0.02
1741912313.7148,2025-03-13 17:31:53.714,0.97,0.23,-0.03
1741912314.2188,2025-03-13 17:31:54.218,0.97,0.25,-0.05
1741912314.7235,2025-03-13 17:31:54.723,0.96,0.28,-0.03
1741912315.2272,2025-03-13 17:31:55.227,0.96,0.29,-0.04
1741912315.7318,2025-03-13 17:31:55.731,0.95,0.30,-0.04
1741912316.2353,2025-03-13 17:31:56.235,0.95,0.29,-0.06
1741912316.7401,2025-03-13 17:31:56.740,0.96,0.27,-0.07
1741912317.2443,2025-03-13 17:31:57.244,0.97,0.24,-0.05
1741912317.7492,2025-03-13 17:31:57.749,0.97,0.24,0.00
1741912318.2539,2025-03-13 17:31:58.253,0.97,0.25,-0.02
1741912318.758,2025-03-13 17:31:58.758,0.96,0.28,-0.02
1741912319.2627,2025-03-13 17:31:59.262,0.96,0.28,-0.04
1741912319.7679,2025-03-13 17:31:59.767,0.96,0.28,-0.04
1741912320.2716,2025-03-13 17:32:00.271,0.96,0.28,-0.04
1741912320.7757,2025-03-13 17:32:00.775,0.97,0.23,0.01
1741912321.2797,2025-03-13 17:32:01.279,0.88,0.45,-0.16
1741912321.7834,2025-03-13 17:32:01.783,0.93,0.36,-0.08
1741912322.2883,2025-03-13 17:32:02.288,0.93,0.36,-0.10
1741912322.7924,2025-03-13 17:32:02.792,0.92,0.35,-0.17
1741912323.2966,2025-03-13 17:32:03.296,0.88,0.41,-0.25
1741912323.8012,2025-03-13 17:32:03.801,0.86,0.43,-0.28
1741912324.3056,2025-03-13 17:32:04.305,0.84,0.43,-0.32
1741912324.8102,2025-03-13 17:32:04.810,0.78,0.48,-0.39
1741912325.3144,2025-03-13 17:32:05.314,0.97,0.21,-0.12
1741912325.819,2025-03-13 17:32:05.819,0.97,0.22,-0.10
1741912326.3238,2025-03-13 17:32:06.323,0.97,0.22,-0.06
1741912326.8278,2025-03-13 17:32:06.827,0.97,0.23,-0.06
1741912327.3319,2025-03-13 17:32:07.331,0.98,0.21,-0.02
1741912327.8356,2025-03-13 17:32:07.835,0.97,0.22,0.01
1741912328.3391,2025-03-13 17:32:08.339,0.96,0.26,0.04
1741912328.8451,2025-03-13 17:32:08.845,0.96,0.28,0.03
1741912329.3489,2025-03-13 17:32:09.348,0.96,0.26,0.06
1741912329.8529,2025-03-13 17:32:09.852,0.96,0.25,0.09
1741912330.3581,2025-03-13 17:32:10.358,0.96,0.27,0.11
1741912330.8618,2025-03-13 17:32:10.861,0.96,0.24,0.14
1741912331.3667,2025-03-13 17:32:11.366,0.96,0.25,0.14
1741912331.8711,2025-03-13 17:32:11.871,0.95,0.32,0.07
1741912332.3745,2025-03-13 17:32:12.374,0.94,0.35,0.03
1741912332.8792,2025-03-13 17:32:12.879,0.92,0.40,-0.01
1741912333.3835,2025-03-13 17:32:13.383,0.91,0.40,0.00
1741912333.8876,2025-03-13 17:32:13.887,0.94,0.35,0.04
1741912334.3936,2025-03-13 17:32:14.393,0.94,0.33,0.03
1741912334.8981,2025-03-13 17:32:14.898,0.95,0.32,0.02
1741912335.4018,2025-03-13 17:32:15.401,0.95,0.32,0.03
1741912335.9062,2025-03-13 17:32:15.906,0.92,0.38,-0.01
1741912336.4105,2025-03-13 17:32:16.410,0.90,0.44,-0.05
1741912336.9154,2025-03-13 17:32:16.915,0.89,0.45,-0.04
1741912337.4199,2025-03-13 17:32:17.419,0.90,0.43,-0.02
1741912337.9246,2025-03-13 17:32:17.924,0.92,0.38,0.04
1741912338.4289,2025-03-13 17:32:18.428,0.95,0.30,0.11
1741912338.9334,2025-03-13 17:32:18.933,0.95,0.28,0.13
1741912339.4381,2025-03-13 17:32:19.438,0.95,0.29,0.12
1741912339.9419,2025-03-13 17:32:19.941,0.96,0.28,0.11
1741912340.4459,2025-03-13 17:32:20.445,0.96,0.29,0.06
1741912340.9509,2025-03-13 17:32:20.950,0.97,0.21,0.08
1741912341.4569,2025-03-13 17:32:21.456,0.98,0.20,0.07
1741912341.9603,2025-03-13 17:32:21.960,0.98,0.20,0.07
1741912342.4639,2025-03-13 17:32:22.463,0.97,0.24,0.04
1741912342.9683,2025-03-13 17:32:22.968,0.96,0.28,-0.02
1741912343.4718,2025-03-13 17:32:23.471,0.97,0.26,-0.03
1741912343.9759,2025-03-13 17:32:23.975,0.97,0.26,-0.02
1741912344.4802,2025-03-13 17:32:24.480,0.96,0.26,0.02
1741912344.9851,2025-03-13 17:32:24.985,0.97,0.21,0.07
1741912345.4892,2025-03-13 17:32:25.489,0.97,0.22,0.06
1741912345.9938,2025-03-13 17:32:25.993,0.98,0.21,0.07
1741912346.4985,2025-03-13 17:32:26.498,0.97,0.21,0.07
1741912347.0008,2025-03-13 17:32:27.000,0.98,0.20,0.08
1741912347.5056,2025-03-13 17:32:27.505,0.97,0.22,0.06
1741912348.0097,2025-03-13 17:32:28.009,0.97,0.24,0.02
1741912348.5136,2025-03-13 17:32:28.513,0.97,0.25,0.03
1741912349.019,2025-03-13 17:32:29.019,0.98,0.20,0.05
1741912349.5255,2025-03-13 17:32:29.525,0.98,0.18,0.05
1741912350.0293,2025-03-13 17:32:30.029,0.98,0.17,0.04
1741912350.5335,2025-03-13 17:32:30.533,0.98,0.21,0.01
1741912351.0376,2025-03-13 17:32:31.037,0.96,0.27,-0.02
1741912351.5414,2025-03-13 17:32:31.541,0.92,0.37,-0.10
1741912352.0452,2025-03-13 17:32:32.045,0.90,0.42,-0.12
1741912352.5499,2025-03-13 17:32:32.549,0.88,0.46,-0.15
1741912353.054,2025-03-13 17:32:33.054,0.88,0.46,-0.13
1741912353.5588,2025-03-13 17:32:33.558,0.90,0.44,-0.09
1741912354.0629,2025-03-13 17:32:34.062,0.90,0.43,-0.08
1741912354.5667,2025-03-13 17:32:34.566,0.92,0.39,-0.09
1741912355.0717,2025-03-13 17:32:35.071,0.93,0.37,-0.08
1741912355.5756,2025-03-13 17:32:35.575,0.93,0.35,-0.08
1741912356.08,2025-03-13 17:32:36.080,0.93,0.36,-0.09
1741912356.5845,2025-03-13 17:32:36.584,0.95,0.32,-0.06
1741912357.0884,2025-03-13 17:32:37.088,0.97,0.26,-0.01
1741912357.5927,2025-03-13 17:32:37.592,0.96,0.27,0.02
1741912358.099,2025-03-13 17:32:38.099,0.96,0.27,0.02
1741912358.6019,2025-03-13 17:32:38.601,0.97,0.26,0.03
1741912359.1083,2025-03-13 17:32:39.108,0.96,0.28,0.01
1741912359.6144,2025-03-13 17:32:39.614,0.96,0.29,0.00
1741912360.1178,2025-03-13 17:32:40.117,0.95,0.30,0.01
1741912360.6216,2025-03-13 17:32:40.621,0.95,0.30,0.02
1741912361.1263,2025-03-13 17:32:41.126,0.96,0.28,0.06
1741912361.6288,2025-03-13 17:32:41.628,0.96,0.27,0.07
1741912362.1331,2025-03-13 17:32:42.133,0.97,0.23,0.09
1741912362.6387,2025-03-13 17:32:42.638,0.98,0.16,0.07
1741912363.1431,2025-03-13 17:32:43.143,0.99,0.13,0.06
1741912363.6484,2025-03-13 17:32:43.648,0.99,0.11,0.06
1741912364.1525,2025-03-13 17:32:44.152,0.99,0.08,0.08
1741912364.6574,2025-03-13 17:32:44.657,0.99,0.06,0.10
1741912365.1619,2025-03-13 17:32:45.161,0.99,0.07,0.10
1741912365.6663,2025-03-13 17:32:45.666,0.99,0.10,0.07
1741912366.1702,2025-03-13 17:32:46.170,0.99,0.15,0.01
1741912366.6741,2025-03-13 17:32:46.674,0.98,0.18,-0.04
1741912367.1779,2025-03-13 17:32:47.177,0.98,0.21,-0.07
1741912367.6828,2025-03-13 17:32:47.682,0.97,0.24,-0.10
1741912368.1865,2025-03-13 17:32:48.186,0.85,0.44,-0.30
1741912368.6909,2025-03-13 17:32:48.690,0.85,0.45,-0.27
1741912369.1964,2025-03-13 17:32:49.196,0.85,0.46,-0.26
1741912369.7001,2025-03-13 17:32:49.700,0.84,0.47,-0.27
1741912370.2047,2025-03-13 17:32:50.204,0.77,0.51,-0.38
1741912370.7104,2025-03-13 17:32:50.710,0.94,0.30,-0.16
1741912371.2154,2025-03-13 17:32:51.215,0.94,0.30,-0.16
1741912371.7191,2025-03-13 17:32:51.719,0.96,0.26,-0.11
1741912372.221,2025-03-13 17:32:52.221,0.97,0.23,-0.07
1741912372.7249,2025-03-13 17:32:52.724,0.97,0.24,-0.08
1741912373.2298,2025-03-13 17:32:53.229,0.97,0.23,-0.09
1741912373.735,2025-03-13 17:32:53.735,0.96,0.24,-0.13
1741912374.2395,2025-03-13 17:32:54.239,0.96,0.24,-0.13
1741912374.7454,2025-03-13 17:32:54.745,0.95,0.27,-0.13
1741912375.249,2025-03-13 17:32:55.249,0.96,0.27,-0.10
1741912375.7525,2025-03-13 17:32:55.752,0.96,0.27,-0.07
1741912376.256,2025-03-13 17:32:56.256,0.97,0.25,-0.04
1741912376.7593,2025-03-13 17:32:56.759,0.97,0.25,-0.02
1741912377.2631,2025-03-13 17:32:57.263,0.97,0.24,-0.01
1741912377.7668,2025-03-13 17:32:57.766,0.97,0.25,0.02
1741912378.2728,2025-03-13 17:32:58.272,0.96,0.30,0.00
1741912378.7771,2025-03-13 17:32:58.777,0.95,0.32,-0.01
1741912379.28,2025-03-13 17:32:59.280,0.95,0.31,-0.03
1741912379.7848,2025-03-13 17:32:59.784,0.97,0.25,0.02
1741912380.2879,2025-03-13 17:33:00.287,0.97,0.24,0.01
1741912380.7922,2025-03-13 17:33:00.792,0.97,0.24,-0.02
1741912381.2977,2025-03-13 17:33:01.297,0.96,0.28,-0.04
1741912381.8006,2025-03-13 17:33:01.800,0.95,0.30,-0.03
1741912382.3048,2025-03-13 17:33:02.304,0.94,0.33,-0.04
1741912382.8087,2025-03-13 17:33:02.808,0.94,0.34,-0.05
1741912383.3138,2025-03-13 17:33:03.313,0.94,0.34,-0.05
1741912383.8184,2025-03-13 17:33:03.818,0.94,0.35,-0.01
1741912384.3225,2025-03-13 17:33:04.322,0.93,0.37,-0.02
1741912384.8279,2025-03-13 17:33:04.827,0.93,0.37,-0.05
1741912385.3321,2025-03-13 17:33:05.332,0.93,0.35,-0.06
1741912385.8363,2025-03-13 17:33:05.836,0.93,0.36,-0.06
1741912386.3414,2025-03-13 17:33:06.341,0.96,0.29,-0.01
1741912386.8453,2025-03-13 17:33:06.845,0.97,0.24,0.03
1741912387.3497,2025-03-13 17:33:07.349,0.97,0.23,0.03
1741912387.8537,2025-03-13 17:33:07.853,0.96,0.28,-0.01
1741912388.3578,2025-03-13 17:33:08.357,0.95,0.31,-0.03
1741912388.8619,2025-03-13 17:33:08.861,0.95,0.32,-0.07
1741912389.3664,2025-03-13 17:33:09.366,0.94,0.33,-0.09
1741912389.8695,2025-03-13 17:33:09.869,0.94,0.33,-0.11
1741912390.3746,2025-03-13 17:33:10.374,0.92,0.35,-0.16
1741912390.8781,2025-03-13 17:33:10.878,0.89,0.40,-0.22
1741912391.3844,2025-03-13 17:33:11.384,0.89,0.41,-0.22
1741912391.8891,2025-03-13 17:33:11.889,0.90,0.41,-0.17
1741912392.3933,2025-03-13 17:33:12.393,0.91,0.41,-0.11
1741912392.8968,2025-03-13 17:33:12.896,0.90,0.42,-0.12
1741912393.4005,2025-03-13 17:33:13.400,0.89,0.44,-0.13
1741912393.9042,2025-03-13 17:33:13.904,0.90,0.43,-0.12
1741912394.4091,2025-03-13 17:33:14.409,0.90,0.41,-0.13
1741912394.9132,2025-03-13 17:33:14.913,0.89,0.42,-0.15
1741912395.4191,2025-03-13 17:33:15.419,0.90,0.42,-0.12
1741912395.9236,2025-03-13 17:33:15.923,0.91,0.41,-0.11
1741912396.4269,2025-03-13 17:33:16.426,0.92,0.39,-0.09
1741912396.9314,2025-03-13 17:33:16.931,0.93,0.34,-0.15
1741912397.4351,2025-03-13 17:33:17.435,0.92,0.35,-0.16
1741912397.9394,2025-03-13 17:33:17.939,0.91,0.38,-0.15
1741912398.4436,2025-03-13 17:33:18.443,0.90,0.42,-0.13
1741912398.9474,2025-03-13 17:33:18.947,0.89,0.43,-0.14
1741912399.4514,2025-03-13 17:33:19.451,0.93,0.36,-0.10
1741912399.9564,2025-03-13 17:33:19.956,0.96,0.29,-0.04
1741912400.4613,2025-03-13 17:33:20.461,0.96,0.29,-0.02
1741912400.966,2025-03-13 17:33:20.966,0.95,0.30,-0.04
1741912401.471,2025-03-13 17:33:21.471,0.94,0.34,-0.08
1741912401.9742,2025-03-13 17:33:21.974,0.94,0.32,-0.14
1741912402.4787,2025-03-13 17:33:22.478,0.93,0.33,-0.15
1741912402.9823,2025-03-13 17:33:22.982,0.94,0.31,-0.10
1741912403.4865,2025-03-13 17:33:23.486,0.94,0.32,-0.08
1741912403.9911,2025-03-13 17:33:23.991,0.86,0.47,-0.22
1741912404.4953,2025-03-13 17:33:24.495,0.80,0.53,-0.28
1741912405.0006,2025-03-13 17:33:25.000,0.76,0.56,-0.34
1741912405.5047,2025-03-13 17:33:25.504,0.75,0.53,-0.40
1741912406.0096,2025-03-13 17:33:26.009,0.77,0.50,-0.39
1741912406.5147,2025-03-13 17:33:26.514,0.76,0.51,-0.40
1741912407.0172,2025-03-13 17:33:27.017,0.88,0.38,-0.27
1741912407.5222,2025-03-13 17:33:27.522,0.87,0.40,-0.29
1741912408.0257,2025-03-13 17:33:28.025,0.86,0.40,-0.31
1741912408.5308,2025-03-13 17:33:28.530,0.85,0.42,-0.33
1741912409.0352,2025-03-13 17:33:29.035,0.86,0.39,-0.32
1741912409.5398,2025-03-13 17:33:29.539,0.85,0.41,-0.33
1741912410.043,2025-03-13 17:33:30.043,0.83,0.43,-0.36
1741912410.5485,2025-03-13 17:33:30.548,0.83,0.43,-0.35
1741912411.0524,2025-03-13 17:33:31.052,0.85,0.43,-0.30
1741912411.5565,2025-03-13 17:33:31.556,0.86,0.42,-0.29
1741912412.0616,2025-03-13 17:33:32.061,0.87,0.41,-0.25
1741912412.5649,2025-03-13 17:33:32.564,0.91,0.37,-0.19
1741912413.0699,2025-03-13 17:33:33.069,0.81,0.51,-0.27
1741912413.5752,2025-03-13 17:33:33.575,0.79,0.55,-0.27
1741912414.0795,2025-03-13 17:33:34.079,0.77,0.57,-0.28
1741912414.5847,2025-03-13 17:33:34.584,0.77,0.57,-0.28
1741912415.0882,2025-03-13 17:33:35.088,0.77,0.55,-0.33
1741912415.5927,2025-03-13 17:33:35.592,0.90,0.38,-0.23
1741912416.097,2025-03-13 17:33:36.097,0.90,0.36,-0.26
1741912416.6007,2025-03-13 17:33:36.600,0.91,0.34,-0.23
1741912417.1044,2025-03-13 17:33:37.104,0.93,0.33,-0.17
1741912417.6084,2025-03-13 17:33:37.608,0.95,0.30,-0.09
1741912418.1129,2025-03-13 17:33:38.112,0.95,0.29,-0.06
1741912418.617,2025-03-13 17:33:38.617,0.96,0.28,-0.04
1741912419.1216,2025-03-13 17:33:39.121,0.96,0.28,0.02
1741912419.6262,2025-03-13 17:33:39.626,0.96,0.29,0.03
1741912420.131,2025-03-13 17:33:40.131,0.96,0.29,0.03
1741912420.6356,2025-03-13 17:33:40.635,0.95,0.30,0.05
1741912421.1412,2025-03-13 17:33:41.141,0.95,0.31,0.04
1741912421.6456,2025-03-13 17:33:41.645,0.94,0.33,0.04
1741912422.1505,2025-03-13 17:33:42.150,0.95,0.33,0.03
1741912422.6546,2025-03-13 17:33:42.654,0.95,0.31,0.02
1741912423.1582,2025-03-13 17:33:43.158,0.96,0.30,0.00
1741912423.6622,2025-03-13 17:33:43.662,0.95,0.32,-0.03
1741912424.1656,2025-03-13 17:33:44.165,0.94,0.33,-0.06
1741912424.6692,2025-03-13 17:33:44.669,0.94,0.34,-0.08
1741912425.1743,2025-03-13 17:33:45.174,0.93,0.35,-0.09
1741912425.6798,2025-03-13 17:33:45.679,0.93,0.34,-0.09
1741912426.1842,2025-03-13 17:33:46.184,0.93,0.34,-0.14
1741912426.6876,2025-03-13 17:33:46.687,0.91,0.35,-0.21
1741912427.1913,2025-03-13 17:33:47.191,0.91,0.36,-0.22
1741912427.6961,2025-03-13 17:33:47.696,0.90,0.38,-0.20
1741912428.2003,2025-03-13 17:33:48.200,0.92,0.36,-0.14
1741912428.7032,2025-03-13 17:33:48.703,0.93,0.35,-0.12
1741912429.209,2025-03-13 17:33:49.209,0.94,0.32,-0.13
1741912429.7123,2025-03-13 17:33:49.712,0.94,0.31,-0.12
1741912430.2168,2025-03-13 17:33:50.216,0.92,0.37,-0.13
1741912430.7218,2025-03-13 17:33:50.721,0.92,0.37,-0.12
1741912431.2263,2025-03-13 17:33:51.226,0.92,0.37,-0.11
1741912431.731,2025-03-13 17:33:51.731,0.92,0.36,-0.12
1741912432.2356,2025-03-13 17:33:52.235,0.93,0.35,-0.15
1741912432.7389,2025-03-13 17:33:52.738,0.93,0.35,-0.16
1741912433.2444,2025-03-13 17:33:53.244,0.92,0.35,-0.16
1741912433.7489,2025-03-13 17:33:53.748,0.92,0.37,-0.13
1741912434.2526,2025-03-13 17:33:54.252,0.94,0.34,-0.07
1741912434.7566,2025-03-13 17:33:54.756,0.94,0.32,-0.06
1741912435.2615,2025-03-13 17:33:55.261,0.97,0.25,0.00
1741912435.7664,2025-03-13 17:33:55.766,0.97,0.23,0.00
1741912436.2703,2025-03-13 17:33:56.270,0.98,0.22,-0.03
1741912436.7738,2025-03-13 17:33:56.773,0.97,0.24,-0.05
1741912437.2787,2025-03-13 17:33:57.278,0.94,0.32,-0.12
1741912437.7823,2025-03-13 17:33:57.782,0.94,0.33,-0.13
1741912438.2862,2025-03-13 17:33:58.286,0.93,0.34,-0.14
1741912438.7909,2025-03-13 17:33:58.790,0.93,0.33,-0.16
1741912439.2955,2025-03-13 17:33:59.295,0.94,0.32,-0.15
1741912439.8008,2025-03-13 17:33:59.800,0.95,0.29,-0.13
1741912440.3043,2025-03-13 17:34:00.304,0.95,0.28,-0.12
1741912440.8071,2025-03-13 17:34:00.807,0.94,0.30,-0.14
1741912441.3114,2025-03-13 17:34:01.311,0.94,0.32,-0.13
1741912441.8147,2025-03-13 17:34:01.814,0.95,0.30,-0.11
1741912442.3197,2025-03-13 17:34:02.319,0.96,0.25,-0.07
1741912442.8238,2025-03-13 17:34:02.823,0.96,0.26,-0.08
1741912443.3284,2025-03-13 17:34:03.328,0.95,0.29,-0.12
1741912443.8333,2025-03-13 17:34:03.833,0.94,0.29,-0.18
1741912444.338,2025-03-13 17:34:04.338,0.93,0.31,-0.21
1741912444.8415,2025-03-13 17:34:04.841,0.93,0.33,-0.17
1741912445.3463,2025-03-13 17:34:05.346,0.93,0.35,-0.14
1741912445.851,2025-03-13 17:34:05.851,0.94,0.32,-0.11
1741912446.3555,2025-03-13 17:34:06.355,0.96,0.28,-0.04
1741912446.8599,2025-03-13 17:34:06.859,0.87,0.44,-0.20
1741912447.3631,2025-03-13 17:34:07.363,0.88,0.44,-0.19
1741912447.8686,2025-03-13 17:34:07.868,0.82,0.51,-0.26
1741912448.3736,2025-03-13 17:34:08.373,0.81,0.50,-0.30
1741912448.8777,2025-03-13 17:34:08.877,0.81,0.50,-0.31
1741912449.3812,2025-03-13 17:34:09.381,0.95,0.29,-0.09
1741912449.8855,2025-03-13 17:34:09.885,0.97,0.24,-0.05
1741912450.3904,2025-03-13 17:34:10.390,0.97,0.23,-0.05
1741912450.8941,2025-03-13 17:34:10.894,0.97,0.24,-0.07
1741912451.3977,2025-03-13 17:34:11.397,0.96,0.23,-0.14
1741912451.9029,2025-03-13 17:34:11.902,0.97,0.22,-0.13
1741912452.4074,2025-03-13 17:34:12.407,0.97,0.22,-0.08
1741912452.9113,2025-03-13 17:34:12.911,0.97,0.22,-0.05
1741912453.4159,2025-03-13 17:34:13.415,0.98,0.18,-0.02
1741912453.9196,2025-03-13 17:34:13.919,0.98,0.18,-0.02
1741912454.4249,2025-03-13 17:34:14.424,0.97,0.22,-0.08
1741912454.9292,2025-03-13 17:34:14.929,0.97,0.22,-0.07
1741912455.4338,2025-03-13 17:34:15.433,0.97,0.24,-0.05
1741912455.9383,2025-03-13 17:34:15.938,0.98,0.19,-0.01
1741912456.442,2025-03-13 17:34:16.442,0.98,0.18,-0.01
1741912456.9478,2025-03-13 17:34:16.947,0.98,0.18,0.01
1741912457.4521,2025-03-13 17:34:17.452,0.98,0.18,0.01
1741912457.9553,2025-03-13 17:34:17.955,0.98,0.18,0.00
1741912458.4604,2025-03-13 17:34:18.460,0.98,0.20,-0.01
1741912458.9649,2025-03-13 17:34:18.964,0.97,0.25,-0.04
1741912459.4684,2025-03-13 17:34:19.468,0.94,0.32,-0.09
1741912459.9732,2025-03-13 17:34:19.973,0.95,0.31,-0.08
1741912460.4775,2025-03-13 17:34:20.477,0.95,0.30,-0.06
1741912460.9818,2025-03-13 17:34:20.981,0.95,0.30,-0.01
1741912461.4867,2025-03-13 17:34:21.486,0.95,0.31,0.05
1741912461.9908,2025-03-13 17:34:21.990,0.95,0.30,0.06
1741912462.4945,2025-03-13 17:34:22.494,0.96,0.28,0.06
1741912462.9988,2025-03-13 17:34:22.998,0.96,0.29,0.02
1741912463.5027,2025-03-13 17:34:23.502,0.95,0.31,0.01
1741912464.0072,2025-03-13 17:34:24.007,0.93,0.36,-0.04
1741912464.5118,2025-03-13 17:34:24.511,0.92,0.39,-0.03
1741912465.0163,2025-03-13 17:34:25.016,0.91,0.42,-0.05
1741912465.5212,2025-03-13 17:34:25.521,0.91,0.41,-0.04
1741912466.0246,2025-03-13 17:34:26.024,0.91,0.40,-0.06
1741912466.5293,2025-03-13 17:34:26.529,0.92,0.38,-0.09
1741912467.0337,2025-03-13 17:34:27.033,0.93,0.37,-0.08
1741912467.5383,2025-03-13 17:34:27.538,0.93,0.36,-0.07
1741912468.0434,2025-03-13 17:34:28.043,0.93,0.37,-0.06
1741912468.5465,2025-03-13 17:34:28.546,0.93,0.37,-0.04
1741912469.0521,2025-03-13 17:34:29.052,0.94,0.34,-0.01
1741912469.5562,2025-03-13 17:34:29.556,0.77,0.58,-0.27
1741912470.0599,2025-03-13 17:34:30.059,0.77,0.58,-0.27
1741912470.5645,2025-03-13 17:34:30.564,0.77,0.58,-0.28
1741912471.0678,2025-03-13 17:34:31.067,0.73,0.60,-0.32
1741912471.5725,2025-03-13 17:34:31.572,0.71,0.61,-0.34
1741912472.0775,2025-03-13 17:34:32.077,0.93,0.35,-0.09
1741912472.582,2025-03-13 17:34:32.582,0.93,0.37,-0.05
1741912473.0859,2025-03-13 17:34:33.085,0.94,0.33,-0.02
1741912473.5907,2025-03-13 17:34:33.590,0.96,0.29,0.02
1741912474.094,2025-03-13 17:34:34.094,0.97,0.25,0.05
1741912474.5992,2025-03-13 17:34:34.599,0.96,0.25,0.07
1741912475.103,2025-03-13 17:34:35.103,0.84,0.51,-0.20
1741912475.6069,2025-03-13 17:34:35.606,0.82,0.52,-0.23
1741912476.1114,2025-03-13 17:34:36.111,0.81,0.53,-0.24
1741912476.6157,2025-03-13 17:34:36.615,0.79,0.55,-0.26
1741912477.1204,2025-03-13 17:34:37.120,0.79,0.56,-0.27
1741912477.6253,2025-03-13 17:34:37.625,0.76,0.56,-0.32
1741912478.1293,2025-03-13 17:34:38.129,0.75,0.55,-0.37
1741912478.6335,2025-03-13 17:34:38.633,0.74,0.56,-0.38
1741912479.138,2025-03-13 17:34:39.138,0.75,0.57,-0.35
1741912479.6416,2025-03-13 17:34:39.641,0.95,0.31,-0.08
1741912480.1466,2025-03-13 17:34:40.146,0.95,0.31,-0.09
1741912480.6504,2025-03-13 17:34:40.650,0.93,0.34,-0.12
1741912481.1549,2025-03-13 17:34:41.154,0.93,0.35,-0.09
1741912481.6594,2025-03-13 17:34:41.659,0.93,0.35,-0.08
1741912482.1636,2025-03-13 17:34:42.163,0.93,0.35,-0.08
1741912482.6675,2025-03-13 17:34:42.667,0.93,0.35,-0.07
1741912483.1718,2025-03-13 17:34:43.171,0.94,0.34,-0.06
1741912483.6769,2025-03-13 17:34:43.676,0.94,0.35,-0.05
1741912484.1814,2025-03-13 17:34:44.181,0.94,0.35,-0.04
1741912484.6857,2025-03-13 17:34:44.685,0.94,0.33,0.00
1741912485.1901,2025-03-13 17:34:45.190,0.76,0.59,-0.26
1741912485.6934,2025-03-13 17:34:45.693,0.76,0.59,-0.26
1741912486.1977,2025-03-13 17:34:46.197,0.78,0.57,-0.25
1741912486.7025,2025-03-13 17:34:46.702,0.78,0.57,-0.25
1741912487.2069,2025-03-13 17:34:47.206,0.78,0.57,-0.25
1741912487.7114,2025-03-13 17:34:47.711,0.95,0.30,0.01
1741912488.2158,2025-03-13 17:34:48.215,0.95,0.32,-0.03
1741912488.7201,2025-03-13 17:34:48.720,0.94,0.33,-0.04
1741912489.2248,2025-03-13 17:34:49.224,0.95,0.30,-0.02
1741912489.729,2025-03-13 17:34:49.729,0.95,0.31,0.00
1741912490.2329,2025-03-13 17:34:50.232,0.94,0.33,-0.02
1741912490.7373,2025-03-13 17:34:50.737,0.93,0.35,-0.09
1741912491.2417,2025-03-13 17:34:51.241,0.93,0.34,-0.08
1741912491.7459,2025-03-13 17:34:51.745,0.94,0.34,-0.06
1741912492.25,2025-03-13 17:34:52.250,0.95,0.32,-0.03
1741912492.7538,2025-03-13 17:34:52.753,0.96,0.28,0.03
1741912493.2585,2025-03-13 17:34:53.258,0.96,0.28,0.06
1741912493.7632,2025-03-13 17:34:53.763,0.95,0.31,0.05
1741912494.2672,2025-03-13 17:34:54.267,0.95,0.32,0.05
1741912494.7714,2025-03-13 17:34:54.771,0.96,0.28,0.07
1741912495.2759,2025-03-13 17:34:55.275,0.96,0.26,0.09
1741912495.7805,2025-03-13 17:34:55.780,0.97,0.24,0.10
1741912496.285,2025-03-13 17:34:56.285,0.97,0.24,0.10
1741912496.7883,2025-03-13 17:34:56.788,0.97,0.23,0.09
1741912497.2937,2025-03-13 17:34:57.293,0.97,0.24,0.08
1741912497.7974,2025-03-13 17:34:57.797,0.97,0.25,0.07
1741912498.302,2025-03-13 17:34:58.302,0.97,0.24,0.06
1741912498.8072,2025-03-13 17:34:58.807,0.97,0.23,0.05
1741912499.311,2025-03-13 17:34:59.311,0.98,0.20,0.07
1741912499.8153,2025-03-13 17:34:59.815,0.98,0.15,0.10
1741912500.3197,2025-03-13 17:35:00.319,0.98,0.13,0.13
1741912500.8234,2025-03-13 17:35:00.823,0.98,0.14,0.12
1741912501.3278,2025-03-13 17:35:01.327,0.98,0.17,0.11
1741912501.8319,2025-03-13 17:35:01.831,0.97,0.22,0.08
1741912502.3364,2025-03-13 17:35:02.336,0.97,0.23,0.07
1741912502.8404,2025-03-13 17:35:02.840,0.97,0.24,0.06
1741912503.3444,2025-03-13 17:35:03.344,0.97,0.23,-0.01
1741912503.8495,2025-03-13 17:35:03.849,0.97,0.23,-0.05
1741912504.3538,2025-03-13 17:35:04.353,0.96,0.25,-0.07
1741912504.8582,2025-03-13 17:35:04.858,0.96,0.28,-0.07
1741912505.3634,2025-03-13 17:35:05.363,0.95,0.31,-0.07
1741912505.8674,2025-03-13 17:35:05.867,0.94,0.33,-0.08
1741912506.3719,2025-03-13 17:35:06.371,0.94,0.32,-0.10
1741912506.876,2025-03-13 17:35:06.876,0.94,0.32,-0.10
1741912507.3795,2025-03-13 17:35:07.379,0.93,0.34,-0.12
1741912507.885,2025-03-13 17:35:07.885,0.67,0.62,-0.41
1741912508.3903,2025-03-13 17:35:08.390,0.68,0.62,-0.41
1741912508.8933,2025-03-13 17:35:08.893,0.71,0.59,-0.39
1741912509.3986,2025-03-13 17:35:09.398,0.71,0.58,-0.40
1741912509.9015,2025-03-13 17:35:09.901,0.73,0.54,-0.41
1741912510.406,2025-03-13 17:35:10.406,0.97,0.23,-0.11
1741912510.9107,2025-03-13 17:35:10.910,0.97,0.21,-0.10
1741912511.4148,2025-03-13 17:35:11.414,0.97,0.22,-0.11
1741912511.9202,2025-03-13 17:35:11.920,0.96,0.23,-0.16
1741912512.4256,2025-03-13 17:35:12.425,0.96,0.23,-0.18
1741912512.9285,2025-03-13 17:35:12.928,0.94,0.26,-0.20
1741912513.433,2025-03-13 17:35:13.433,0.94,0.27,-0.21
1741912513.9371,2025-03-13 17:35:13.937,0.94,0.28,-0.21
1741912514.4413,2025-03-13 17:35:14.441,0.93,0.32,-0.21
1741912514.9466,2025-03-13 17:35:14.946,0.91,0.34,-0.23
1741912515.4502,2025-03-13 17:35:15.450,0.90,0.35,-0.27
1741912515.9553,2025-03-13 17:35:15.955,0.91,0.33,-0.26
1741912516.4601,2025-03-13 17:35:16.460,0.90,0.35,-0.25
1741912516.9636,2025-03-13 17:35:16.963,0.90,0.36,-0.23
1741912517.4683,2025-03-13 17:35:17.468,0.92,0.35,-0.20
1741912517.9719,2025-03-13 17:35:17.971,0.92,0.34,-0.18
1741912518.4764,2025-03-13 17:35:18.476,0.94,0.31,-0.15
1741912518.9811,2025-03-13 17:35:18.981,0.94,0.31,-0.13
1741912519.4851,2025-03-13 17:35:19.485,0.94,0.31,-0.13
1741912519.9902,2025-03-13 17:35:19.990,0.93,0.34,-0.13
1741912520.4943,2025-03-13 17:35:20.494,0.92,0.36,-0.14
1741912520.9978,2025-03-13 17:35:20.997,0.92,0.38,-0.15
1741912521.5027,2025-03-13 17:35:21.502,0.93,0.35,-0.13
1741912522.0072,2025-03-13 17:35:22.007,0.92,0.36,-0.14
1741912522.5123,2025-03-13 17:35:22.512,0.92,0.35,-0.17
1741912523.017,2025-03-13 17:35:23.017,0.92,0.35,-0.17
1741912523.5205,2025-03-13 17:35:23.520,0.95,0.29,-0.12
1741912524.0249,2025-03-13 17:35:24.024,0.94,0.30,-0.12
1741912524.5288,2025-03-13 17:35:24.528,0.93,0.32,-0.16
1741912525.0326,2025-03-13 17:35:25.032,0.93,0.33,-0.17
1741912525.5377,2025-03-13 17:35:25.537,0.92,0.34,-0.18
1741912526.0417,2025-03-13 17:35:26.041,0.91,0.36,-0.19
1741912526.5468,2025-03-13 17:35:26.546,0.90,0.41,-0.18
1741912527.0517,2025-03-13 17:35:27.051,0.90,0.41,-0.13
1741912527.5566,2025-03-13 17:35:27.556,0.91,0.41,-0.12
1741912528.0625,2025-03-13 17:35:28.062,0.94,0.34,-0.07
1741912528.5659,2025-03-13 17:35:28.565,0.94,0.34,-0.06
1741912529.0708,2025-03-13 17:35:29.070,0.94,0.34,-0.04
1741912529.5762,2025-03-13 17:35:29.576,0.94,0.35,-0.03
1741912530.0797,2025-03-13 17:35:30.079,0.94,0.35,-0.04
1741912530.5831,2025-03-13 17:35:30.583,0.93,0.36,-0.07
1741912531.0871,2025-03-13 17:35:31.087,0.93,0.37,-0.08
1741912531.5909,2025-03-13 17:35:31.590,0.80,0.54,-0.25
1741912532.0954,2025-03-13 17:35:32.095,0.77,0.57,-0.28
1741912532.5984,2025-03-13 17:35:32.598,0.75,0.59,-0.30
1741912533.102,2025-03-13 17:35:33.102,0.73,0.61,-0.32
1741912533.6069,2025-03-13 17:35:33.606,0.73,0.59,-0.35
1741912534.1114,2025-03-13 17:35:34.111,0.90,0.41,-0.16
1741912534.6163,2025-03-13 17:35:34.616,0.91,0.38,-0.15
1741912535.1198,2025-03-13 17:35:35.119,0.94,0.34,-0.10
1741912535.6241,2025-03-13 17:35:35.624,0.95,0.30,-0.04
1741912536.1288,2025-03-13 17:35:36.128,0.88,0.45,-0.17
1741912536.6332,2025-03-13 17:35:36.633,0.88,0.44,-0.17
1741912537.1368,2025-03-13 17:35:37.136,0.86,0.47,-0.20
1741912537.6413,2025-03-13 17:35:37.641,0.87,0.46,-0.17
1741912538.1448,2025-03-13 17:35:38.144,0.87,0.47,-0.16
1741912538.6505,2025-03-13 17:35:38.650,0.95,0.33,0.02
1741912539.1554,2025-03-13 17:35:39.155,0.94,0.34,0.00
1741912539.6584,2025-03-13 17:35:39.658,0.94,0.34,0.00
1741912540.1635,2025-03-13 17:35:40.163,0.95,0.31,-0.04
1741912540.6673,2025-03-13 17:35:40.667,0.89,0.42,-0.16
1741912541.1709,2025-03-13 17:35:41.170,0.90,0.43,-0.13
1741912541.675,2025-03-13 17:35:41.675,0.85,0.50,-0.16
1741912542.1791,2025-03-13 17:35:42.179,0.86,0.50,-0.13
1741912542.6849,2025-03-13 17:35:42.684,0.88,0.47,-0.11
1741912543.1884,2025-03-13 17:35:43.188,0.94,0.33,0.02
1741912543.6917,2025-03-13 17:35:43.691,0.93,0.38,-0.05
1741912544.1965,2025-03-13 17:35:44.196,0.93,0.37,-0.07
1741912544.7009,2025-03-13 17:35:44.700,0.93,0.37,-0.07
1741912545.2058,2025-03-13 17:35:45.205,0.91,0.40,-0.11
1741912545.7111,2025-03-13 17:35:45.711,0.91,0.41,-0.10
1741912546.2153,2025-03-13 17:35:46.215,0.92,0.39,-0.06
1741912546.7188,2025-03-13 17:35:46.718,0.91,0.41,-0.05
1741912547.2232,2025-03-13 17:35:47.223,0.90,0.43,-0.05
1741912547.7281,2025-03-13 17:35:47.728,0.89,0.44,-0.05
1741912548.2323,2025-03-13 17:35:48.232,0.90,0.42,-0.06
1741912548.7365,2025-03-13 17:35:48.736,0.93,0.37,0.00
1741912549.2407,2025-03-13 17:35:49.240,0.93,0.36,0.00
1741912549.7461,2025-03-13 17:35:49.746,0.93,0.36,0.03
1741912550.2494,2025-03-13 17:35:50.249,0.93,0.37,0.02
1741912550.7537,2025-03-13 17:35:50.753,0.94,0.33,0.05
1741912551.2576,2025-03-13 17:35:51.257,0.95,0.32,0.06
1741912551.7622,2025-03-13 17:35:51.762,0.95,0.31,0.05
1741912552.2664,2025-03-13 17:35:52.266,0.95,0.29,0.08
1741912552.7702,2025-03-13 17:35:52.770,0.96,0.23,0.14
1741912553.2754,2025-03-13 17:35:53.275,0.96,0.21,0.17
1741912553.7792,2025-03-13 17:35:53.779,0.96,0.20,0.17
1741912554.2835,2025-03-13 17:35:54.283,0.96,0.19,0.18
1741912554.788,2025-03-13 17:35:54.788,0.97,0.17,0.19
