1741913831.2725,2025-03-13 17:57:11.272,0.92,0.40,0.00
1741913831.7767,2025-03-13 17:57:11.776,0.92,0.39,0.00
1741913832.2811,2025-03-13 17:57:12.281,0.91,0.42,-0.05
1741913832.7864,2025-03-13 17:57:12.786,0.90,0.42,-0.10
1741913833.2898,2025-03-13 17:57:13.289,0.90,0.41,-0.12
1741913833.7953,2025-03-13 17:57:13.795,0.90,0.41,-0.13
1741913834.3004,2025-03-13 17:57:14.300,0.92,0.36,-0.15
1741913834.8048,2025-03-13 17:57:14.804,0.93,0.34,-0.15
1741913835.3095,2025-03-13 17:57:15.309,0.96,0.28,-0.07
1741913835.814,2025-03-13 17:57:15.814,0.97,0.26,-0.05
1741913836.3177,2025-03-13 17:57:16.317,0.98,0.21,0.01
1741913836.8215,2025-03-13 17:57:16.821,0.98,0.17,0.04
1741913837.3252,2025-03-13 17:57:17.325,0.99,0.13,0.08
1741913837.8288,2025-03-13 17:57:17.828,0.99,0.15,0.08
1741913838.3333,2025-03-13 17:57:18.333,0.98,0.17,0.08
1741913838.8376,2025-03-13 17:57:18.837,0.97,0.26,0.01
1741913839.3419,2025-03-13 17:57:19.341,0.95,0.32,-0.02
1741913839.8466,2025-03-13 17:57:19.846,0.95,0.32,-0.02
1741913840.3507,2025-03-13 17:57:20.350,0.95,0.32,-0.01
1741913840.8557,2025-03-13 17:57:20.855,0.94,0.33,-0.01
1741913841.3612,2025-03-13 17:57:21.361,0.92,0.40,-0.06
1741913841.8642,2025-03-13 17:57:21.864,0.90,0.43,-0.10
1741913842.3689,2025-03-13 17:57:22.368,0.90,0.43,-0.11
1741913842.8732,2025-03-13 17:57:22.873,0.91,0.40,-0.11
1741913843.3789,2025-03-13 17:57:23.378,0.93,0.36,-0.08
1741913843.8828,2025-03-13 17:57:23.882,0.95,0.32,-0.05
1741913844.3875,2025-03-13 17:57:24.387,0.95,0.31,-0.04
1741913844.8931,2025-03-13 17:57:24.893,0.95,0.30,-0.04
1741913845.3968,2025-03-13 17:57:25.396,0.95,0.32,-0.02
1741913845.9012,2025-03-13 17:57:25.901,0.92,0.38,-0.04
1741913846.4052,2025-03-13 17:57:26.405,0.92,0.38,-0.05
1741913846.9075,2025-03-13 17:57:26.907,0.93,0.36,-0.06
1741913847.4112,2025-03-13 17:57:27.411,0.94,0.32,-0.05
1741913847.9158,2025-03-13 17:57:27.915,0.95,0.32,-0.07
1741913848.42,2025-03-13 17:57:28.420,0.94,0.32,-0.11
1741913848.9257,2025-03-13 17:57:28.925,0.92,0.37,-0.15
1741913849.4298,2025-03-13 17:57:29.429,0.89,0.43,-0.15
1741913849.9339,2025-03-13 17:57:29.933,0.88,0.45,-0.14
1741913850.4383,2025-03-13 17:57:30.438,0.88,0.45,-0.14
1741913850.9421,2025-03-13 17:57:30.942,0.88,0.45,-0.17
1741913851.4468,2025-03-13 17:57:31.446,0.87,0.46,-0.18
1741913851.9509,2025-03-13 17:57:31.950,0.87,0.47,-0.17
1741913852.4551,2025-03-13 17:57:32.455,0.84,0.50,-0.21
1741913852.9614,2025-03-13 17:57:32.961,0.81,0.54,-0.24
1741913853.4648,2025-03-13 17:57:33.464,0.81,0.54,-0.24
1741913853.9707,2025-03-13 17:57:33.970,0.81,0.54,-0.24
1741913854.4755,2025-03-13 17:57:34.475,0.81,0.54,-0.24
1741913854.9793,2025-03-13 17:57:34.979,0.82,0.53,-0.24
1741913855.483,2025-03-13 17:57:35.483,0.82,0.52,-0.22
1741913855.9869,2025-03-13 17:57:35.986,0.85,0.49,-0.18
1741913856.4905,2025-03-13 17:57:36.490,0.86,0.48,-0.16
1741913856.995,2025-03-13 17:57:36.995,0.86,0.48,-0.16
1741913857.5005,2025-03-13 17:57:37.500,0.83,0.52,-0.19
1741913858.0049,2025-03-13 17:57:38.004,0.82,0.54,-0.21
1741913858.5092,2025-03-13 17:57:38.509,0.82,0.54,-0.20
1741913859.0143,2025-03-13 17:57:39.014,0.81,0.54,-0.22
1741913859.5193,2025-03-13 17:57:39.519,0.81,0.54,-0.22
1741913860.022,2025-03-13 17:57:40.022,0.81,0.53,-0.25
1741913860.5263,2025-03-13 17:57:40.526,0.81,0.53,-0.25
1741913861.0306,2025-03-13 17:57:41.030,0.82,0.53,-0.22
1741913861.5342,2025-03-13 17:57:41.534,0.82,0.54,-0.18
1741913862.0381,2025-03-13 17:57:42.038,0.84,0.52,-0.14
1741913862.5421,2025-03-13 17:57:42.542,0.87,0.49,-0.10
1741913863.0469,2025-03-13 17:57:43.046,0.90,0.43,-0.05
1741913863.5523,2025-03-13 17:57:43.552,0.90,0.43,-0.05
1741913864.0552,2025-03-13 17:57:44.055,0.88,0.47,-0.12
1741913864.5598,2025-03-13 17:57:44.559,0.88,0.47,-0.12
1741913865.0634,2025-03-13 17:57:45.063,0.88,0.46,-0.12
1741913865.5669,2025-03-13 17:57:45.566,0.88,0.46,-0.15
1741913866.0722,2025-03-13 17:57:46.072,0.86,0.48,-0.19
1741913866.5772,2025-03-13 17:57:46.577,0.83,0.51,-0.21
1741913867.0807,2025-03-13 17:57:47.080,0.81,0.54,-0.23
1741913867.5853,2025-03-13 17:57:47.585,0.80,0.55,-0.23
1741913868.0897,2025-03-13 17:57:48.089,0.81,0.55,-0.22
1741913868.5934,2025-03-13 17:57:48.593,0.82,0.54,-0.21
1741913869.0973,2025-03-13 17:57:49.097,0.81,0.54,-0.22
1741913869.6019,2025-03-13 17:57:49.601,0.86,0.47,-0.19
1741913870.1066,2025-03-13 17:57:50.106,0.91,0.39,-0.12
1741913870.6109,2025-03-13 17:57:50.610,0.93,0.36,-0.09
1741913871.1148,2025-03-13 17:57:51.114,0.93,0.35,-0.08
1741913871.6196,2025-03-13 17:57:51.619,0.94,0.33,-0.07
1741913872.1241,2025-03-13 17:57:52.124,0.95,0.30,-0.05
1741913872.6281,2025-03-13 17:57:52.628,0.96,0.27,-0.02
1741913873.1332,2025-03-13 17:57:53.133,0.96,0.28,0.01
1741913873.6381,2025-03-13 17:57:53.638,0.95,0.31,-0.01
1741913874.1429,2025-03-13 17:57:54.142,0.95,0.31,-0.01
1741913874.6467,2025-03-13 17:57:54.646,0.94,0.34,-0.01
1741913875.1506,2025-03-13 17:57:55.150,0.92,0.40,-0.06
1741913875.6562,2025-03-13 17:57:55.656,0.88,0.45,-0.13
1741913876.1597,2025-03-13 17:57:56.159,0.88,0.46,-0.13
1741913876.665,2025-03-13 17:57:56.665,0.86,0.48,-0.16
1741913877.1702,2025-03-13 17:57:57.170,0.86,0.48,-0.16
1741913877.6722,2025-03-13 17:57:57.672,0.86,0.49,-0.17
1741913878.1769,2025-03-13 17:57:58.176,0.87,0.46,-0.15
1741913878.6823,2025-03-13 17:57:58.682,0.87,0.46,-0.15
1741913879.1875,2025-03-13 17:57:59.187,0.86,0.48,-0.17
1741913879.6922,2025-03-13 17:57:59.692,0.86,0.48,-0.18
1741913880.1962,2025-03-13 17:58:00.196,0.86,0.47,-0.17
1741913880.7003,2025-03-13 17:58:00.700,0.86,0.47,-0.17
1741913881.2051,2025-03-13 17:58:01.205,0.88,0.45,-0.15
1741913881.7083,2025-03-13 17:58:01.708,0.88,0.45,-0.16
1741913882.2134,2025-03-13 17:58:02.213,0.85,0.49,-0.20
1741913882.7184,2025-03-13 17:58:02.718,0.85,0.49,-0.19
1741913883.2233,2025-03-13 17:58:03.223,0.85,0.49,-0.19
1741913883.7292,2025-03-13 17:58:03.729,0.85,0.49,-0.18
1741913884.2318,2025-03-13 17:58:04.231,0.84,0.51,-0.19
1741913884.7361,2025-03-13 17:58:04.736,0.84,0.51,-0.18
1741913885.2405,2025-03-13 17:58:05.240,0.81,0.54,-0.21
1741913885.7437,2025-03-13 17:58:05.743,0.82,0.54,-0.20
1741913886.2463,2025-03-13 17:58:06.246,0.82,0.54,-0.18
1741913886.7514,2025-03-13 17:58:06.751,0.84,0.52,-0.16
1741913887.255,2025-03-13 17:58:07.255,0.85,0.51,-0.14
1741913887.7599,2025-03-13 17:58:07.759,0.88,0.47,-0.09
1741913888.2636,2025-03-13 17:58:08.263,0.88,0.46,-0.08
1741913888.7682,2025-03-13 17:58:08.768,0.88,0.46,-0.09
1741913889.2731,2025-03-13 17:58:09.273,0.88,0.46,-0.13
1741913889.7786,2025-03-13 17:58:09.778,0.87,0.47,-0.14
1741913890.2851,2025-03-13 17:58:10.285,0.86,0.49,-0.13
1741913890.7874,2025-03-13 17:58:10.787,0.86,0.49,-0.13
1741913891.292,2025-03-13 17:58:11.292,0.86,0.49,-0.13
1741913891.7961,2025-03-13 17:58:11.796,0.86,0.49,-0.12
1741913892.2995,2025-03-13 17:58:12.299,0.87,0.49,-0.09
1741913892.8027,2025-03-13 17:58:12.802,0.90,0.43,-0.04
1741913893.3086,2025-03-13 17:58:13.308,0.92,0.38,0.00
1741913893.8133,2025-03-13 17:58:13.813,0.93,0.37,-0.01
1741913894.3189,2025-03-13 17:58:14.318,0.93,0.36,-0.02
1741913894.8213,2025-03-13 17:58:14.821,0.94,0.33,0.01
1741913895.3275,2025-03-13 17:58:15.327,0.94,0.33,0.03
1741913895.8317,2025-03-13 17:58:15.831,0.93,0.37,-0.01
1741913896.334,2025-03-13 17:58:16.334,0.90,0.43,-0.06
1741913896.8377,2025-03-13 17:58:16.837,0.87,0.47,-0.10
1741913897.3415,2025-03-13 17:58:17.341,0.87,0.47,-0.12
1741913897.8449,2025-03-13 17:58:17.844,0.86,0.50,-0.15
1741913898.3507,2025-03-13 17:58:18.350,0.85,0.51,-0.16
1741913898.8545,2025-03-13 17:58:18.854,0.84,0.51,-0.17
1741913899.3596,2025-03-13 17:58:19.359,0.86,0.48,-0.15
1741913899.8631,2025-03-13 17:58:19.863,0.86,0.48,-0.15
1741913900.367,2025-03-13 17:58:20.367,0.85,0.49,-0.17
1741913900.8725,2025-03-13 17:58:20.872,0.85,0.50,-0.17
1741913901.3764,2025-03-13 17:58:21.376,0.85,0.50,-0.17
1741913901.8796,2025-03-13 17:58:21.879,0.85,0.49,-0.16
1741913902.3847,2025-03-13 17:58:22.384,0.89,0.45,-0.08
1741913902.8882,2025-03-13 17:58:22.888,0.92,0.39,-0.02
1741913903.393,2025-03-13 17:58:23.393,0.92,0.39,-0.01
1741913903.8972,2025-03-13 17:58:23.897,0.92,0.39,-0.01
1741913904.402,2025-03-13 17:58:24.402,0.94,0.35,0.02
1741913904.9061,2025-03-13 17:58:24.906,0.94,0.33,-0.01
1741913905.4102,2025-03-13 17:58:25.410,0.95,0.32,-0.02
1741913905.9144,2025-03-13 17:58:25.914,0.94,0.34,-0.06
1741913906.4189,2025-03-13 17:58:26.418,0.94,0.34,-0.07
1741913906.9227,2025-03-13 17:58:26.922,0.91,0.39,-0.12
1741913907.4277,2025-03-13 17:58:27.427,0.91,0.39,-0.12
1741913907.9318,2025-03-13 17:58:27.931,0.90,0.42,-0.14
1741913908.4355,2025-03-13 17:58:28.435,0.89,0.44,-0.15
1741913908.9409,2025-03-13 17:58:28.940,0.88,0.46,-0.13
1741913909.4442,2025-03-13 17:58:29.444,0.89,0.45,-0.12
1741913909.9488,2025-03-13 17:58:29.948,0.89,0.44,-0.14
1741913910.4544,2025-03-13 17:58:30.454,0.88,0.45,-0.15
1741913910.9582,2025-03-13 17:58:30.958,0.88,0.44,-0.16
1741913911.463,2025-03-13 17:58:31.463,0.89,0.43,-0.15
1741913911.9676,2025-03-13 17:58:31.967,0.89,0.44,-0.14
1741913912.4709,2025-03-13 17:58:32.470,0.88,0.44,-0.15
1741913912.9752,2025-03-13 17:58:32.975,0.90,0.41,-0.14
1741913913.4799,2025-03-13 17:58:33.479,0.90,0.41,-0.14
1741913913.984,2025-03-13 17:58:33.984,0.89,0.42,-0.15
1741913914.4893,2025-03-13 17:58:34.489,0.86,0.48,-0.19
1741913914.9935,2025-03-13 17:58:34.993,0.84,0.50,-0.20
1741913915.4976,2025-03-13 17:58:35.497,0.84,0.52,-0.18
1741913916.0015,2025-03-13 17:58:36.001,0.84,0.52,-0.16
1741913916.5061,2025-03-13 17:58:36.506,0.85,0.50,-0.14
1741913917.0108,2025-03-13 17:58:37.010,0.85,0.49,-0.17
1741913917.5147,2025-03-13 17:58:37.514,0.86,0.47,-0.20
1741913918.0198,2025-03-13 17:58:38.019,0.85,0.48,-0.21
1741913918.5238,2025-03-13 17:58:38.523,0.84,0.50,-0.21
1741913919.0282,2025-03-13 17:58:39.028,0.84,0.50,-0.19
1741913919.5326,2025-03-13 17:58:39.532,0.87,0.47,-0.13
1741913920.037,2025-03-13 17:58:40.037,0.87,0.47,-0.13
1741913920.5415,2025-03-13 17:58:40.541,0.86,0.47,-0.18
1741913921.0469,2025-03-13 17:58:41.046,0.87,0.46,-0.19
1741913921.5512,2025-03-13 17:58:41.551,0.88,0.44,-0.19
1741913922.0548,2025-03-13 17:58:42.054,0.88,0.44,-0.19
1741913922.559,2025-03-13 17:58:42.559,0.87,0.47,-0.18
1741913923.0637,2025-03-13 17:58:43.063,0.86,0.47,-0.19
1741913923.5692,2025-03-13 17:58:43.569,0.85,0.49,-0.21
1741913924.074,2025-03-13 17:58:44.074,0.84,0.50,-0.23
1741913924.5764,2025-03-13 17:58:44.576,0.83,0.50,-0.23
1741913925.0811,2025-03-13 17:58:45.081,0.86,0.47,-0.21
1741913925.586,2025-03-13 17:58:45.586,0.86,0.48,-0.19
1741913926.0902,2025-03-13 17:58:46.090,0.86,0.48,-0.18
1741913926.5946,2025-03-13 17:58:46.594,0.85,0.49,-0.19
1741913927.0978,2025-03-13 17:58:47.097,0.83,0.53,-0.20
1741913927.6029,2025-03-13 17:58:47.602,0.80,0.56,-0.22
1741913928.1073,2025-03-13 17:58:48.107,0.80,0.56,-0.21
1741913928.6107,2025-03-13 17:58:48.610,0.80,0.57,-0.21
1741913929.1156,2025-03-13 17:58:49.115,0.79,0.57,-0.21
1741913929.6188,2025-03-13 17:58:49.618,0.80,0.56,-0.22
1741913930.1231,2025-03-13 17:58:50.123,0.80,0.56,-0.22
1741913930.6276,2025-03-13 17:58:50.627,0.80,0.55,-0.24
1741913931.1317,2025-03-13 17:58:51.131,0.80,0.55,-0.24
1741913931.6366,2025-03-13 17:58:51.636,0.80,0.55,-0.25
1741913932.1402,2025-03-13 17:58:52.140,0.82,0.53,-0.22
1741913932.644,2025-03-13 17:58:52.644,0.83,0.51,-0.21
1741913933.1501,2025-03-13 17:58:53.150,0.88,0.45,-0.15
1741913933.654,2025-03-13 17:58:53.654,0.90,0.42,-0.12
1741913934.1584,2025-03-13 17:58:54.158,0.93,0.37,-0.08
1741913934.6626,2025-03-13 17:58:54.662,0.93,0.37,-0.07
1741913935.1664,2025-03-13 17:58:55.166,0.93,0.37,-0.06
1741913935.6712,2025-03-13 17:58:55.671,0.89,0.44,-0.11
1741913936.1758,2025-03-13 17:58:56.175,0.86,0.48,-0.17
1741913936.6802,2025-03-13 17:58:56.680,0.83,0.52,-0.20
1741913937.1853,2025-03-13 17:58:57.185,0.82,0.53,-0.22
1741913937.6886,2025-03-13 17:58:57.688,0.83,0.52,-0.20
1741913938.1933,2025-03-13 17:58:58.193,0.83,0.51,-0.23
1741913938.6977,2025-03-13 17:58:58.697,0.81,0.53,-0.24
1741913939.2006,2025-03-13 17:58:59.200,0.81,0.54,-0.24
1741913939.7064,2025-03-13 17:58:59.706,0.81,0.55,-0.21
1741913940.2105,2025-03-13 17:59:00.210,0.84,0.51,-0.17
1741913940.7142,2025-03-13 17:59:00.714,0.86,0.49,-0.14
1741913941.2194,2025-03-13 17:59:01.219,0.86,0.48,-0.16
1741913941.7223,2025-03-13 17:59:01.722,0.86,0.47,-0.19
1741913942.2268,2025-03-13 17:59:02.226,0.84,0.49,-0.22
1741913942.7314,2025-03-13 17:59:02.731,0.84,0.49,-0.22
1741913943.2354,2025-03-13 17:59:03.235,0.84,0.50,-0.21
1741913943.7411,2025-03-13 17:59:03.741,0.84,0.51,-0.19
1741913944.2441,2025-03-13 17:59:04.244,0.86,0.49,-0.17
1741913944.7487,2025-03-13 17:59:04.748,0.86,0.47,-0.19
1741913945.2529,2025-03-13 17:59:05.252,0.86,0.47,-0.20
1741913945.7569,2025-03-13 17:59:05.756,0.85,0.48,-0.21
1741913946.2624,2025-03-13 17:59:06.262,0.84,0.50,-0.19
1741913946.7659,2025-03-13 17:59:06.765,0.85,0.50,-0.18
1741913947.2701,2025-03-13 17:59:07.270,0.89,0.44,-0.11
1741913947.7738,2025-03-13 17:59:07.773,0.94,0.34,-0.05
1741913948.2773,2025-03-13 17:59:08.277,0.94,0.33,-0.04
1741913948.7827,2025-03-13 17:59:08.782,0.95,0.32,-0.04
1741913949.2873,2025-03-13 17:59:09.287,0.97,0.26,0.01
1741913949.7918,2025-03-13 17:59:09.791,0.96,0.27,0.01
1741913950.2971,2025-03-13 17:59:10.297,0.96,0.30,0.00
1741913950.801,2025-03-13 17:59:10.801,0.94,0.33,-0.08
1741913951.3051,2025-03-13 17:59:11.305,0.92,0.38,-0.12
1741913951.8105,2025-03-13 17:59:11.810,0.88,0.45,-0.14
1741913952.3142,2025-03-13 17:59:12.314,0.86,0.48,-0.17
1741913952.8183,2025-03-13 17:59:12.818,0.86,0.49,-0.13
1741913953.3229,2025-03-13 17:59:13.322,0.89,0.46,-0.06
1741913953.8264,2025-03-13 17:59:13.826,0.89,0.45,-0.07
1741913954.332,2025-03-13 17:59:14.332,0.89,0.44,-0.08
1741913954.8366,2025-03-13 17:59:14.836,0.90,0.43,-0.09
1741913955.3401,2025-03-13 17:59:15.340,0.91,0.41,-0.08
1741913955.8444,2025-03-13 17:59:15.844,0.92,0.39,-0.06
1741913956.3492,2025-03-13 17:59:16.349,0.92,0.38,-0.05
1741913956.8527,2025-03-13 17:59:16.852,0.94,0.34,-0.03
1741913957.3578,2025-03-13 17:59:17.357,0.94,0.34,-0.03
1741913957.863,2025-03-13 17:59:17.863,0.94,0.33,-0.04
1741913958.3682,2025-03-13 17:59:18.368,0.95,0.32,-0.03
1741913958.8733,2025-03-13 17:59:18.873,0.94,0.33,-0.03
1741913959.3763,2025-03-13 17:59:19.376,0.94,0.35,-0.04
1741913959.8804,2025-03-13 17:59:19.880,0.92,0.38,-0.07
1741913960.383,2025-03-13 17:59:20.383,0.92,0.38,-0.06
1741913960.8879,2025-03-13 17:59:20.887,0.93,0.36,-0.04
1741913961.393,2025-03-13 17:59:21.393,0.94,0.35,-0.03
1741913961.8982,2025-03-13 17:59:21.898,0.94,0.34,-0.03
1741913962.4026,2025-03-13 17:59:22.402,0.94,0.35,-0.03
1741913962.905,2025-03-13 17:59:22.905,0.93,0.37,-0.05
1741913963.4094,2025-03-13 17:59:23.409,0.91,0.40,-0.07
1741913963.9145,2025-03-13 17:59:23.914,0.91,0.40,-0.06
1741913964.4169,2025-03-13 17:59:24.416,0.91,0.41,-0.06
1741913964.9225,2025-03-13 17:59:24.922,0.91,0.39,-0.11
1741913965.427,2025-03-13 17:59:25.427,0.91,0.40,-0.12
1741913965.9314,2025-03-13 17:59:25.931,0.91,0.41,-0.12
1741913966.4366,2025-03-13 17:59:26.436,0.90,0.44,-0.09
1741913966.9399,2025-03-13 17:59:26.939,0.89,0.45,-0.10
1741913967.4442,2025-03-13 17:59:27.444,0.89,0.45,-0.10
1741913967.9481,2025-03-13 17:59:27.948,0.91,0.40,-0.09
1741913968.4532,2025-03-13 17:59:28.453,0.92,0.38,-0.08
1741913968.9579,2025-03-13 17:59:28.957,0.92,0.38,-0.08
1741913969.463,2025-03-13 17:59:29.463,0.92,0.39,-0.10
1741913969.967,2025-03-13 17:59:29.967,0.91,0.39,-0.12
1741913970.4715,2025-03-13 17:59:30.471,0.91,0.40,-0.14
1741913970.9758,2025-03-13 17:59:30.975,0.87,0.46,-0.19
1741913971.4799,2025-03-13 17:59:31.479,0.85,0.48,-0.21
1741913971.9843,2025-03-13 17:59:31.984,0.85,0.49,-0.19
1741913972.4882,2025-03-13 17:59:32.488,0.86,0.48,-0.19
1741913972.9927,2025-03-13 17:59:32.992,0.88,0.45,-0.17
1741913973.4964,2025-03-13 17:59:33.496,0.87,0.46,-0.18
1741913974.0013,2025-03-13 17:59:34.001,0.87,0.46,-0.17
1741913974.5054,2025-03-13 17:59:34.505,0.87,0.48,-0.15
1741913975.0095,2025-03-13 17:59:35.009,0.87,0.47,-0.13
1741913975.5146,2025-03-13 17:59:35.514,0.89,0.45,-0.11
1741913976.0181,2025-03-13 17:59:36.018,0.88,0.45,-0.12
1741913976.523,2025-03-13 17:59:36.523,0.88,0.44,-0.17
1741913977.0276,2025-03-13 17:59:37.027,0.88,0.43,-0.22
1741913977.5315,2025-03-13 17:59:37.531,0.88,0.43,-0.22
1741913978.0352,2025-03-13 17:59:38.035,0.88,0.44,-0.19
1741913978.5398,2025-03-13 17:59:38.539,0.89,0.42,-0.18
1741913979.0453,2025-03-13 17:59:39.045,0.89,0.42,-0.19
1741913979.5488,2025-03-13 17:59:39.548,0.88,0.42,-0.20
1741913980.053,2025-03-13 17:59:40.053,0.88,0.44,-0.19
1741913980.5569,2025-03-13 17:59:40.556,0.88,0.43,-0.19
1741913981.0629,2025-03-13 17:59:41.062,0.89,0.43,-0.15
1741913981.5674,2025-03-13 17:59:41.567,0.89,0.44,-0.11
1741913982.0701,2025-03-13 17:59:42.070,0.89,0.44,-0.11
1741913982.5747,2025-03-13 17:59:42.574,0.88,0.46,-0.13
1741913983.0791,2025-03-13 17:59:43.079,0.88,0.45,-0.14
1741913983.5838,2025-03-13 17:59:43.583,0.88,0.45,-0.15
1741913984.0884,2025-03-13 17:59:44.088,0.88,0.45,-0.15
1741913984.5918,2025-03-13 17:59:44.591,0.88,0.46,-0.14
1741913985.0968,2025-03-13 17:59:45.096,0.91,0.41,-0.10
1741913985.6016,2025-03-13 17:59:45.601,0.91,0.40,-0.09
1741913986.1057,2025-03-13 17:59:46.105,0.92,0.38,-0.06
1741913986.6097,2025-03-13 17:59:46.609,0.92,0.38,-0.06
1741913987.1152,2025-03-13 17:59:47.115,0.91,0.40,-0.08
1741913987.6211,2025-03-13 17:59:47.621,0.90,0.43,-0.10
1741913988.1244,2025-03-13 17:59:48.124,0.88,0.45,-0.12
1741913988.6278,2025-03-13 17:59:48.627,0.86,0.48,-0.14
1741913989.133,2025-03-13 17:59:49.133,0.87,0.47,-0.15
1741913989.6363,2025-03-13 17:59:49.636,0.87,0.47,-0.15
1741913990.1412,2025-03-13 17:59:50.141,0.87,0.47,-0.15
1741913990.6451,2025-03-13 17:59:50.645,0.85,0.49,-0.17
1741913991.1494,2025-03-13 17:59:51.149,0.83,0.52,-0.20
1741913991.6544,2025-03-13 17:59:51.654,0.81,0.54,-0.22
1741913992.1589,2025-03-13 17:59:52.158,0.80,0.55,-0.24
1741913992.662,2025-03-13 17:59:52.662,0.80,0.54,-0.27
1741913993.1663,2025-03-13 17:59:53.166,0.81,0.52,-0.26
1741913993.6706,2025-03-13 17:59:53.670,0.82,0.53,-0.22
1741913994.1743,2025-03-13 17:59:54.174,0.84,0.52,-0.15
1741913994.68,2025-03-13 17:59:54.680,0.86,0.50,-0.11
1741913995.1837,2025-03-13 17:59:55.183,0.86,0.50,-0.09
1741913995.6887,2025-03-13 17:59:55.688,0.87,0.49,-0.08
1741913996.1936,2025-03-13 17:59:56.193,0.86,0.50,-0.09
1741913996.6971,2025-03-13 17:59:56.697,0.86,0.49,-0.14
1741913997.2007,2025-03-13 17:59:57.200,0.85,0.50,-0.16
1741913997.7042,2025-03-13 17:59:57.704,0.85,0.51,-0.16
1741913998.2081,2025-03-13 17:59:58.208,0.85,0.51,-0.15
1741913998.7121,2025-03-13 17:59:58.712,0.85,0.50,-0.14
1741913999.2162,2025-03-13 17:59:59.216,0.85,0.51,-0.13
1741913999.7221,2025-03-13 17:59:59.722,0.85,0.52,-0.13
1741914000.2259,2025-03-13 18:00:00.225,0.84,0.52,-0.14
1741914000.73,2025-03-13 18:00:00.730,0.84,0.52,-0.12
1741914001.2363,2025-03-13 18:00:01.236,0.84,0.52,-0.12
1741914001.74,2025-03-13 18:00:01.740,0.84,0.52,-0.14
1741914002.2445,2025-03-13 18:00:02.244,0.84,0.52,-0.15
1741914002.7482,2025-03-13 18:00:02.748,0.84,0.52,-0.15
1741914003.252,2025-03-13 18:00:03.252,0.85,0.51,-0.15
1741914003.7575,2025-03-13 18:00:03.757,0.85,0.51,-0.15
1741914004.2606,2025-03-13 18:00:04.260,0.84,0.51,-0.15
1741914004.765,2025-03-13 18:00:04.765,0.84,0.51,-0.16
1741914005.2699,2025-03-13 18:00:05.269,0.82,0.53,-0.20
1741914005.774,2025-03-13 18:00:05.774,0.82,0.53,-0.22
1741914006.2786,2025-03-13 18:00:06.278,0.82,0.52,-0.23
1741914006.7833,2025-03-13 18:00:06.783,0.79,0.55,-0.26
1741914007.2859,2025-03-13 18:00:07.285,0.79,0.55,-0.26
1741914007.7911,2025-03-13 18:00:07.791,0.79,0.57,-0.22
1741914008.2955,2025-03-13 18:00:08.295,0.79,0.58,-0.21
1741914008.7992,2025-03-13 18:00:08.799,0.76,0.61,-0.23
1741914009.3038,2025-03-13 18:00:09.303,0.76,0.60,-0.24
1741914009.8081,2025-03-13 18:00:09.808,0.78,0.59,-0.21
1741914010.3136,2025-03-13 18:00:10.313,0.78,0.59,-0.19
1741914010.8182,2025-03-13 18:00:10.818,0.78,0.59,-0.19
1741914011.3237,2025-03-13 18:00:11.323,0.82,0.56,-0.14
1741914011.8278,2025-03-13 18:00:11.827,0.84,0.53,-0.12
1741914012.3317,2025-03-13 18:00:12.331,0.86,0.50,-0.10
1741914012.836,2025-03-13 18:00:12.836,0.88,0.47,-0.08
1741914013.3408,2025-03-13 18:00:13.340,0.88,0.47,-0.08
1741914013.8458,2025-03-13 18:00:13.845,0.86,0.49,-0.12
1741914014.3498,2025-03-13 18:00:14.349,0.86,0.49,-0.12
1741914014.8529,2025-03-13 18:00:14.852,0.87,0.47,-0.10
1741914015.3576,2025-03-13 18:00:15.357,0.88,0.47,-0.08
1741914015.8617,2025-03-13 18:00:15.861,0.89,0.45,-0.06
1741914016.3668,2025-03-13 18:00:16.366,0.89,0.45,-0.06
1741914016.8704,2025-03-13 18:00:16.870,0.87,0.48,-0.12
1741914017.375,2025-03-13 18:00:17.375,0.87,0.48,-0.12
1741914017.879,2025-03-13 18:00:17.879,0.87,0.48,-0.12
1741914018.3849,2025-03-13 18:00:18.384,0.87,0.49,-0.09
1741914018.8888,2025-03-13 18:00:18.888,0.87,0.49,-0.09
1741914019.3912,2025-03-13 18:00:19.391,0.87,0.48,-0.10
1741914019.8967,2025-03-13 18:00:19.896,0.86,0.49,-0.12
1741914020.4003,2025-03-13 18:00:20.400,0.86,0.49,-0.14
1741914020.9045,2025-03-13 18:00:20.904,0.80,0.56,-0.20
1741914021.4102,2025-03-13 18:00:21.410,0.80,0.55,-0.21
1741914021.9133,2025-03-13 18:00:21.913,0.81,0.55,-0.22
1741914022.4182,2025-03-13 18:00:22.418,0.82,0.52,-0.24
1741914022.922,2025-03-13 18:00:22.922,0.84,0.49,-0.22
1741914023.4269,2025-03-13 18:00:23.426,0.85,0.50,-0.18
1741914023.9315,2025-03-13 18:00:23.931,0.85,0.50,-0.18
1741914024.435,2025-03-13 18:00:24.435,0.84,0.50,-0.18
1741914024.9387,2025-03-13 18:00:24.938,0.83,0.51,-0.21
1741914025.4432,2025-03-13 18:00:25.443,0.83,0.52,-0.21
1741914025.9469,2025-03-13 18:00:25.946,0.83,0.53,-0.20
1741914026.452,2025-03-13 18:00:26.452,0.83,0.53,-0.15
1741914026.956,2025-03-13 18:00:26.956,0.84,0.52,-0.15
1741914027.4605,2025-03-13 18:00:27.460,0.85,0.51,-0.16
1741914027.965,2025-03-13 18:00:27.965,0.85,0.51,-0.16
1741914028.4695,2025-03-13 18:00:28.469,0.84,0.51,-0.18
1741914028.9743,2025-03-13 18:00:28.974,0.84,0.51,-0.18
1741914029.4778,2025-03-13 18:00:29.477,0.87,0.48,-0.13
1741914029.9814,2025-03-13 18:00:29.981,0.87,0.47,-0.13
1741914030.4862,2025-03-13 18:00:30.486,0.89,0.44,-0.10
1741914030.9901,2025-03-13 18:00:30.990,0.90,0.43,-0.12
1741914031.4945,2025-03-13 18:00:31.494,0.87,0.46,-0.16
1741914032.0005,2025-03-13 18:00:32.000,0.85,0.50,-0.18
1741914032.5035,2025-03-13 18:00:32.503,0.83,0.51,-0.23
1741914033.0082,2025-03-13 18:00:33.008,0.82,0.51,-0.25
1741914033.5125,2025-03-13 18:00:33.512,0.82,0.51,-0.25
1741914034.0166,2025-03-13 18:00:34.016,0.84,0.49,-0.24
1741914034.5215,2025-03-13 18:00:34.521,0.86,0.47,-0.22
1741914035.0264,2025-03-13 18:00:35.026,0.89,0.42,-0.15
1741914035.5299,2025-03-13 18:00:35.529,0.92,0.39,-0.07
1741914036.0346,2025-03-13 18:00:36.034,0.91,0.40,-0.04
1741914036.5389,2025-03-13 18:00:36.538,0.91,0.41,-0.04
1741914037.0437,2025-03-13 18:00:37.043,0.91,0.40,-0.04
1741914037.5477,2025-03-13 18:00:37.547,0.92,0.39,-0.03
1741914038.0512,2025-03-13 18:00:38.051,0.94,0.34,-0.01
1741914038.5567,2025-03-13 18:00:38.556,0.96,0.29,0.00
1741914039.0602,2025-03-13 18:00:39.060,0.96,0.28,-0.01
1741914039.5639,2025-03-13 18:00:39.563,0.96,0.28,-0.05
1741914040.0685,2025-03-13 18:00:40.068,0.96,0.26,-0.04
1741914040.5721,2025-03-13 18:00:40.572,0.97,0.23,0.02
1741914041.0772,2025-03-13 18:00:41.077,0.97,0.24,0.03
1741914041.5828,2025-03-13 18:00:41.582,0.96,0.27,0.02
1741914042.0858,2025-03-13 18:00:42.085,0.95,0.30,0.00
1741914042.5907,2025-03-13 18:00:42.590,0.94,0.34,-0.06
1741914043.0943,2025-03-13 18:00:43.094,0.92,0.37,-0.09
1741914043.599,2025-03-13 18:00:43.599,0.92,0.37,-0.08
1741914044.1037,2025-03-13 18:00:44.103,0.92,0.37,-0.07
1741914044.6093,2025-03-13 18:00:44.609,0.92,0.39,-0.09
1741914045.1136,2025-03-13 18:00:45.113,0.89,0.42,-0.15
1741914045.6177,2025-03-13 18:00:45.617,0.88,0.44,-0.17
1741914046.1231,2025-03-13 18:00:46.123,0.88,0.46,-0.14
1741914046.6273,2025-03-13 18:00:46.627,0.88,0.47,-0.09
1741914047.1304,2025-03-13 18:00:47.130,0.89,0.44,-0.07
1741914047.6353,2025-03-13 18:00:47.635,0.89,0.44,-0.07
1741914048.139,2025-03-13 18:00:48.139,0.89,0.45,-0.08
1741914048.6443,2025-03-13 18:00:48.644,0.88,0.46,-0.09
1741914049.1498,2025-03-13 18:00:49.149,0.88,0.47,-0.09
1741914049.6522,2025-03-13 18:00:49.652,0.86,0.50,-0.12
1741914050.1567,2025-03-13 18:00:50.156,0.86,0.49,-0.12
1741914050.6611,2025-03-13 18:00:50.661,0.88,0.46,-0.11
1741914051.165,2025-03-13 18:00:51.165,0.88,0.45,-0.13
1741914051.6693,2025-03-13 18:00:51.669,0.87,0.48,-0.15
1741914052.1747,2025-03-13 18:00:52.174,0.84,0.51,-0.19
1741914052.678,2025-03-13 18:00:52.678,0.82,0.52,-0.25
1741914053.1825,2025-03-13 18:00:53.182,0.78,0.56,-0.28
1741914053.6873,2025-03-13 18:00:53.687,0.78,0.56,-0.27
1741914054.19,2025-03-13 18:00:54.190,0.80,0.56,-0.23
1741914054.6953,2025-03-13 18:00:54.695,0.83,0.53,-0.18
1741914055.2001,2025-03-13 18:00:55.200,0.86,0.49,-0.13
1741914055.7046,2025-03-13 18:00:55.704,0.89,0.44,-0.09
1741914056.2087,2025-03-13 18:00:56.208,0.88,0.46,-0.10
1741914056.7128,2025-03-13 18:00:56.712,0.88,0.46,-0.11
1741914057.2174,2025-03-13 18:00:57.217,0.88,0.46,-0.11
1741914057.7216,2025-03-13 18:00:57.721,0.91,0.41,-0.07
1741914058.2254,2025-03-13 18:00:58.225,0.92,0.39,-0.05
1741914058.7305,2025-03-13 18:00:58.730,0.92,0.39,-0.05
1741914059.2339,2025-03-13 18:00:59.233,0.89,0.44,-0.09
1741914059.7393,2025-03-13 18:00:59.739,0.88,0.48,-0.08
1741914060.2432,2025-03-13 18:01:00.243,0.87,0.48,-0.08
1741914060.7479,2025-03-13 18:01:00.747,0.88,0.47,-0.09
1741914061.2522,2025-03-13 18:01:01.252,0.88,0.46,-0.11
1741914061.7562,2025-03-13 18:01:01.756,0.90,0.42,-0.08
1741914062.2593,2025-03-13 18:01:02.259,0.91,0.41,-0.05
1741914062.7635,2025-03-13 18:01:02.763,0.91,0.41,-0.05
1741914063.2684,2025-03-13 18:01:03.268,0.91,0.40,-0.04
1741914063.7736,2025-03-13 18:01:03.773,0.91,0.41,-0.05
1741914064.277,2025-03-13 18:01:04.277,0.91,0.41,-0.04
1741914064.7813,2025-03-13 18:01:04.781,0.91,0.42,-0.05
1741914065.2861,2025-03-13 18:01:05.286,0.91,0.42,-0.04
1741914065.7898,2025-03-13 18:01:05.789,0.93,0.37,0.00
1741914066.2943,2025-03-13 18:01:06.294,0.93,0.37,0.02
1741914066.7994,2025-03-13 18:01:06.799,0.92,0.40,0.01
1741914067.3036,2025-03-13 18:01:07.303,0.91,0.42,-0.01
1741914067.8083,2025-03-13 18:01:07.808,0.89,0.45,-0.03
1741914068.3128,2025-03-13 18:01:08.312,0.89,0.45,-0.06
1741914068.8164,2025-03-13 18:01:08.816,0.89,0.45,-0.05
1741914069.3211,2025-03-13 18:01:09.321,0.90,0.43,-0.03
1741914069.8252,2025-03-13 18:01:09.825,0.90,0.43,-0.03
1741914070.3293,2025-03-13 18:01:10.329,0.90,0.43,-0.03
1741914070.834,2025-03-13 18:01:10.834,0.88,0.47,-0.07
1741914071.3379,2025-03-13 18:01:11.337,0.88,0.47,-0.07
1741914071.8426,2025-03-13 18:01:11.842,0.88,0.47,-0.09
1741914072.3471,2025-03-13 18:01:12.347,0.90,0.43,-0.06
1741914072.8513,2025-03-13 18:01:12.851,0.90,0.43,-0.06
1741914073.3552,2025-03-13 18:01:13.355,0.90,0.44,-0.07
1741914073.8597,2025-03-13 18:01:13.859,0.87,0.48,-0.10
1741914074.3635,2025-03-13 18:01:14.363,0.84,0.53,-0.13
1741914074.8688,2025-03-13 18:01:14.868,0.84,0.53,-0.13
1741914075.3722,2025-03-13 18:01:15.372,0.84,0.53,-0.13
1741914075.8778,2025-03-13 18:01:15.877,0.84,0.52,-0.16
1741914076.3818,2025-03-13 18:01:16.381,0.84,0.51,-0.17
1741914076.8858,2025-03-13 18:01:16.885,0.84,0.50,-0.19
1741914077.3905,2025-03-13 18:01:17.390,0.84,0.51,-0.20
1741914077.8944,2025-03-13 18:01:17.894,0.84,0.51,-0.15
1741914078.3987,2025-03-13 18:01:18.398,0.84,0.52,-0.13
1741914078.9035,2025-03-13 18:01:18.903,0.83,0.54,-0.15
1741914079.4072,2025-03-13 18:01:19.407,0.83,0.52,-0.19
1741914079.9117,2025-03-13 18:01:19.911,0.82,0.54,-0.21
1741914080.4156,2025-03-13 18:01:20.415,0.82,0.53,-0.20
1741914080.9201,2025-03-13 18:01:20.920,0.84,0.51,-0.19
1741914081.4248,2025-03-13 18:01:21.424,0.84,0.50,-0.20
1741914081.9295,2025-03-13 18:01:21.929,0.84,0.50,-0.20
1741914082.4337,2025-03-13 18:01:22.433,0.86,0.48,-0.19
1741914082.9389,2025-03-13 18:01:22.938,0.86,0.49,-0.14
1741914083.4435,2025-03-13 18:01:23.443,0.87,0.48,-0.11
1741914083.947,2025-03-13 18:01:23.947,0.88,0.47,-0.09
1741914084.451,2025-03-13 18:01:24.451,0.88,0.46,-0.09
1741914084.9551,2025-03-13 18:01:24.955,0.87,0.48,-0.13
1741914085.4606,2025-03-13 18:01:25.460,0.87,0.48,-0.14
1741914085.9646,2025-03-13 18:01:25.964,0.88,0.47,-0.09
1741914086.4688,2025-03-13 18:01:26.468,0.88,0.47,-0.08
1741914086.9737,2025-03-13 18:01:26.973,0.89,0.45,-0.08
1741914087.4781,2025-03-13 18:01:27.478,0.89,0.45,-0.08
1741914087.9822,2025-03-13 18:01:27.982,0.89,0.44,-0.06
1741914088.4869,2025-03-13 18:01:28.486,0.90,0.44,-0.05
1741914088.9925,2025-03-13 18:01:28.992,0.90,0.44,-0.04
1741914089.4962,2025-03-13 18:01:29.496,0.90,0.44,-0.04
1741914089.999,2025-03-13 18:01:29.999,0.90,0.42,-0.06
1741914090.5034,2025-03-13 18:01:30.503,0.92,0.38,-0.03
1741914091.0073,2025-03-13 18:01:31.007,0.92,0.38,-0.03
1741914091.5107,2025-03-13 18:01:31.510,0.91,0.41,-0.06
1741914092.0154,2025-03-13 18:01:32.015,0.91,0.41,-0.06
1741914092.5192,2025-03-13 18:01:32.519,0.90,0.43,-0.05
1741914093.0236,2025-03-13 18:01:33.023,0.92,0.40,-0.01
1741914093.528,2025-03-13 18:01:33.528,0.92,0.38,-0.01
1741914094.0323,2025-03-13 18:01:34.032,0.92,0.38,-0.01
1741914094.5369,2025-03-13 18:01:34.536,0.94,0.35,0.02
1741914095.0421,2025-03-13 18:01:35.042,0.94,0.35,0.02
1741914095.5452,2025-03-13 18:01:35.545,0.93,0.36,0.01
1741914096.0507,2025-03-13 18:01:36.050,0.93,0.38,0.00
1741914096.554,2025-03-13 18:01:36.554,0.92,0.39,-0.01
1741914097.0583,2025-03-13 18:01:37.058,0.92,0.39,-0.02
1741914097.5634,2025-03-13 18:01:37.563,0.92,0.39,-0.03
1741914098.0669,2025-03-13 18:01:38.066,0.93,0.37,-0.02
1741914098.571,2025-03-13 18:01:38.571,0.93,0.35,-0.07
1741914099.076,2025-03-13 18:01:39.076,0.93,0.36,-0.08
1741914099.5808,2025-03-13 18:01:39.580,0.92,0.38,-0.11
1741914100.0859,2025-03-13 18:01:40.085,0.92,0.38,-0.11
1741914100.5901,2025-03-13 18:01:40.590,0.91,0.40,-0.06
1741914101.094,2025-03-13 18:01:41.094,0.91,0.41,-0.04
1741914101.598,2025-03-13 18:01:41.598,0.91,0.41,-0.04
1741914102.1017,2025-03-13 18:01:42.101,0.91,0.41,-0.02
1741914102.6057,2025-03-13 18:01:42.605,0.91,0.42,-0.03
1741914103.1104,2025-03-13 18:01:43.110,0.91,0.41,-0.06
1741914103.6145,2025-03-13 18:01:43.614,0.91,0.42,-0.07
1741914104.1193,2025-03-13 18:01:44.119,0.90,0.42,-0.07
1741914104.6231,2025-03-13 18:01:44.623,0.90,0.43,-0.06
1741914105.1277,2025-03-13 18:01:45.127,0.91,0.41,-0.03
1741914105.6335,2025-03-13 18:01:45.633,0.92,0.39,-0.02
1741914106.1374,2025-03-13 18:01:46.137,0.92,0.38,-0.02
1741914106.6424,2025-03-13 18:01:46.642,0.93,0.37,0.00
1741914107.1452,2025-03-13 18:01:47.145,0.94,0.34,0.02
1741914107.6491,2025-03-13 18:01:47.649,0.94,0.33,0.03
1741914108.1539,2025-03-13 18:01:48.153,0.95,0.32,0.04
1741914108.6591,2025-03-13 18:01:48.659,0.95,0.31,0.01
1741914109.1635,2025-03-13 18:01:49.163,0.94,0.33,0.00
1741914109.6677,2025-03-13 18:01:49.667,0.94,0.35,-0.02
1741914110.1707,2025-03-13 18:01:50.170,0.94,0.35,-0.02
1741914110.6764,2025-03-13 18:01:50.676,0.95,0.30,0.02
1741914111.1801,2025-03-13 18:01:51.180,0.96,0.29,0.02
1741914111.6842,2025-03-13 18:01:51.684,0.96,0.29,0.03
1741914112.189,2025-03-13 18:01:52.189,0.95,0.32,0.01
1741914112.6928,2025-03-13 18:01:52.692,0.94,0.33,-0.02
1741914113.1972,2025-03-13 18:01:53.197,0.95,0.32,-0.04
1741914113.7014,2025-03-13 18:01:53.701,0.95,0.32,-0.05
1741914114.205,2025-03-13 18:01:54.205,0.97,0.25,0.01
1741914114.7097,2025-03-13 18:01:54.709,0.98,0.20,0.05
1741914115.2138,2025-03-13 18:01:55.213,0.98,0.21,0.05
1741914115.7182,2025-03-13 18:01:55.718,0.95,0.31,-0.03
1741914116.2233,2025-03-13 18:01:56.223,0.92,0.38,-0.09
1741914116.7271,2025-03-13 18:01:56.727,0.91,0.40,-0.10
1741914117.2321,2025-03-13 18:01:57.232,0.90,0.41,-0.10
1741914117.7364,2025-03-13 18:01:57.736,0.89,0.43,-0.14
1741914118.2404,2025-03-13 18:01:58.240,0.89,0.43,-0.16
1741914118.7449,2025-03-13 18:01:58.744,0.87,0.46,-0.18
1741914119.2492,2025-03-13 18:01:59.249,0.87,0.47,-0.14
1741914119.7535,2025-03-13 18:01:59.753,0.88,0.46,-0.12
1741914120.2583,2025-03-13 18:02:00.258,0.90,0.43,-0.09
1741914120.7626,2025-03-13 18:02:00.762,0.90,0.42,-0.10
1741914121.2677,2025-03-13 18:02:01.267,0.91,0.41,-0.10
1741914121.7717,2025-03-13 18:02:01.771,0.90,0.42,-0.08
1741914122.2755,2025-03-13 18:02:02.275,0.90,0.43,-0.07
1741914122.7808,2025-03-13 18:02:02.780,0.90,0.43,-0.05
1741914123.2842,2025-03-13 18:02:03.284,0.91,0.42,-0.04
1741914123.7891,2025-03-13 18:02:03.789,0.91,0.42,-0.05
1741914124.293,2025-03-13 18:02:04.293,0.92,0.39,-0.01
1741914124.797,2025-03-13 18:02:04.797,0.92,0.40,-0.01
1741914125.3014,2025-03-13 18:02:05.301,0.92,0.39,-0.01
1741914125.806,2025-03-13 18:02:05.806,0.92,0.38,-0.03
1741914126.3104,2025-03-13 18:02:06.310,0.90,0.44,-0.08
1741914126.8157,2025-03-13 18:02:06.815,0.90,0.42,-0.11
1741914127.3186,2025-03-13 18:02:07.318,0.90,0.42,-0.14
1741914127.8246,2025-03-13 18:02:07.824,0.89,0.44,-0.16
1741914128.329,2025-03-13 18:02:08.329,0.87,0.47,-0.16
1741914128.8325,2025-03-13 18:02:08.832,0.87,0.48,-0.12
1741914129.3379,2025-03-13 18:02:09.337,0.87,0.48,-0.12
1741914129.8414,2025-03-13 18:02:09.841,0.88,0.47,-0.12
1741914130.3454,2025-03-13 18:02:10.345,0.86,0.49,-0.15
1741914130.8506,2025-03-13 18:02:10.850,0.83,0.51,-0.20
1741914131.3549,2025-03-13 18:02:11.354,0.81,0.55,-0.21
1741914131.8594,2025-03-13 18:02:11.859,0.80,0.55,-0.23
1741914132.3644,2025-03-13 18:02:12.364,0.81,0.56,-0.19
1741914132.8693,2025-03-13 18:02:12.869,0.80,0.57,-0.19
1741914133.373,2025-03-13 18:02:13.373,0.77,0.60,-0.22
1741914133.878,2025-03-13 18:02:13.878,0.76,0.60,-0.23
1741914134.3811,2025-03-13 18:02:14.381,0.76,0.59,-0.27
1741914134.8854,2025-03-13 18:02:14.885,0.77,0.57,-0.29
1741914135.3892,2025-03-13 18:02:15.389,0.78,0.57,-0.28
1741914135.893,2025-03-13 18:02:15.893,0.78,0.57,-0.28
1741914136.3974,2025-03-13 18:02:16.397,0.78,0.57,-0.26
1741914136.9026,2025-03-13 18:02:16.902,0.79,0.56,-0.25
1741914137.4077,2025-03-13 18:02:17.407,0.80,0.55,-0.23
1741914137.9114,2025-03-13 18:02:17.911,0.82,0.53,-0.21
1741914138.4156,2025-03-13 18:02:18.415,0.87,0.49,-0.11
1741914138.9201,2025-03-13 18:02:18.920,0.89,0.46,-0.05
1741914139.425,2025-03-13 18:02:19.425,0.89,0.46,-0.06
1741914139.9285,2025-03-13 18:02:19.928,0.88,0.47,-0.05
1741914140.4329,2025-03-13 18:02:20.432,0.88,0.48,-0.05
1741914140.9364,2025-03-13 18:02:20.936,0.86,0.51,-0.07
1741914141.4413,2025-03-13 18:02:21.441,0.86,0.51,-0.07
1741914141.9463,2025-03-13 18:02:21.946,0.87,0.49,-0.06
1741914142.4512,2025-03-13 18:02:22.451,0.87,0.49,-0.08
1741914142.9552,2025-03-13 18:02:22.955,0.85,0.52,-0.11
1741914143.4601,2025-03-13 18:02:23.460,0.85,0.51,-0.14
1741914143.9641,2025-03-13 18:02:23.964,0.86,0.49,-0.14
1741914144.4678,2025-03-13 18:02:24.467,0.85,0.50,-0.16
1741914144.9717,2025-03-13 18:02:24.971,0.85,0.48,-0.20
1741914145.4763,2025-03-13 18:02:25.476,0.86,0.46,-0.21
1741914145.981,2025-03-13 18:02:25.981,0.92,0.38,-0.14
1741914146.4842,2025-03-13 18:02:26.484,0.94,0.32,-0.10
1741914146.989,2025-03-13 18:02:26.989,0.96,0.26,-0.06
1741914147.4924,2025-03-13 18:02:27.492,0.97,0.22,-0.01
1741914147.9975,2025-03-13 18:02:27.997,0.98,0.22,0.00
1741914148.5029,2025-03-13 18:02:28.502,0.96,0.29,-0.03
1741914149.0072,2025-03-13 18:02:29.007,0.94,0.35,-0.04
1741914149.5123,2025-03-13 18:02:29.512,0.91,0.40,-0.07
1741914150.0155,2025-03-13 18:02:30.015,0.90,0.43,-0.10
1741914150.52,2025-03-13 18:02:30.520,0.90,0.43,-0.09
1741914151.0243,2025-03-13 18:02:31.024,0.90,0.43,-0.09
1741914151.5279,2025-03-13 18:02:31.527,0.91,0.40,-0.07
1741914152.0324,2025-03-13 18:02:32.032,0.91,0.40,-0.10
1741914152.5374,2025-03-13 18:02:32.537,0.89,0.43,-0.17
1741914153.041,2025-03-13 18:02:33.041,0.88,0.43,-0.18
1741914153.547,2025-03-13 18:02:33.547,0.90,0.41,-0.16
1741914154.0501,2025-03-13 18:02:34.050,0.90,0.40,-0.14
1741914154.5537,2025-03-13 18:02:34.553,0.91,0.40,-0.09
1741914155.0577,2025-03-13 18:02:35.057,0.91,0.41,-0.07
1741914155.5622,2025-03-13 18:02:35.562,0.89,0.45,-0.09
1741914156.0664,2025-03-13 18:02:36.066,0.86,0.49,-0.14
1741914156.571,2025-03-13 18:02:36.571,0.86,0.48,-0.15
1741914157.0742,2025-03-13 18:02:37.074,0.86,0.48,-0.16
1741914157.5795,2025-03-13 18:02:37.579,0.87,0.47,-0.17
1741914158.0836,2025-03-13 18:02:38.083,0.89,0.44,-0.14
1741914158.5877,2025-03-13 18:02:38.587,0.92,0.38,-0.12
1741914159.0929,2025-03-13 18:02:39.092,0.92,0.37,-0.15
1741914159.5968,2025-03-13 18:02:39.596,0.91,0.38,-0.16
1741914160.102,2025-03-13 18:02:40.102,0.91,0.40,-0.14
1741914160.6058,2025-03-13 18:02:40.605,0.91,0.41,-0.12
1741914161.1104,2025-03-13 18:02:41.110,0.91,0.40,-0.11
1741914161.6151,2025-03-13 18:02:41.615,0.90,0.41,-0.11
1741914162.1197,2025-03-13 18:02:42.119,0.91,0.41,-0.10
1741914162.6239,2025-03-13 18:02:42.623,0.92,0.39,-0.09
1741914163.1282,2025-03-13 18:02:43.128,0.92,0.38,-0.09
1741914163.6326,2025-03-13 18:02:43.632,0.94,0.34,-0.07
1741914164.1375,2025-03-13 18:02:44.137,0.94,0.33,-0.06
1741914164.641,2025-03-13 18:02:44.641,0.93,0.36,-0.06
1741914165.1446,2025-03-13 18:02:45.144,0.92,0.39,-0.07
1741914165.6511,2025-03-13 18:02:45.651,0.91,0.40,-0.06
1741914166.1539,2025-03-13 18:02:46.153,0.92,0.40,-0.03
1741914166.6579,2025-03-13 18:02:46.657,0.93,0.37,-0.01
1741914167.1626,2025-03-13 18:02:47.162,0.93,0.37,-0.01
1741914167.6666,2025-03-13 18:02:47.666,0.92,0.38,0.00
1741914168.1718,2025-03-13 18:02:48.171,0.93,0.36,0.02
1741914168.6755,2025-03-13 18:02:48.675,0.95,0.32,0.05
1741914169.1796,2025-03-13 18:02:49.179,0.95,0.30,0.04
1741914169.6852,2025-03-13 18:02:49.685,0.94,0.35,-0.02
1741914170.1891,2025-03-13 18:02:50.189,0.91,0.40,-0.05
1741914170.6926,2025-03-13 18:02:50.692,0.90,0.43,-0.07
1741914171.198,2025-03-13 18:02:51.198,0.90,0.44,-0.08
1741914171.7021,2025-03-13 18:02:51.702,0.88,0.47,-0.09
1741914172.2064,2025-03-13 18:02:52.206,0.88,0.46,-0.08
1741914172.7107,2025-03-13 18:02:52.710,0.90,0.44,-0.05
1741914173.2141,2025-03-13 18:02:53.214,0.91,0.41,-0.02
1741914173.7188,2025-03-13 18:02:53.718,0.91,0.41,-0.02
1741914174.2236,2025-03-13 18:02:54.223,0.91,0.42,-0.03
1741914174.7275,2025-03-13 18:02:54.727,0.88,0.46,-0.09
1741914175.232,2025-03-13 18:02:55.232,0.84,0.52,-0.16
1741914175.7356,2025-03-13 18:02:55.735,0.82,0.53,-0.19
1741914176.2407,2025-03-13 18:02:56.240,0.82,0.54,-0.20
1741914176.7448,2025-03-13 18:02:56.744,0.81,0.54,-0.21
1741914177.2493,2025-03-13 18:02:57.249,0.82,0.53,-0.23
1741914177.7536,2025-03-13 18:02:57.753,0.83,0.51,-0.23
1741914178.2584,2025-03-13 18:02:58.258,0.84,0.49,-0.22
1741914178.7627,2025-03-13 18:02:58.762,0.86,0.48,-0.20
1741914179.267,2025-03-13 18:02:59.267,0.85,0.47,-0.22
1741914179.7706,2025-03-13 18:02:59.770,0.86,0.46,-0.22
1741914180.2761,2025-03-13 18:03:00.276,0.88,0.44,-0.20
1741914180.7804,2025-03-13 18:03:00.780,0.88,0.45,-0.19
1741914181.2846,2025-03-13 18:03:01.284,0.84,0.49,-0.23
1741914181.7897,2025-03-13 18:03:01.789,0.80,0.54,-0.27
1741914182.2929,2025-03-13 18:03:02.292,0.80,0.54,-0.25
1741914182.7979,2025-03-13 18:03:02.797,0.81,0.55,-0.22
1741914183.3012,2025-03-13 18:03:03.301,0.81,0.54,-0.21
1741914183.8053,2025-03-13 18:03:03.805,0.82,0.53,-0.23
1741914184.3112,2025-03-13 18:03:04.311,0.82,0.53,-0.23
1741914184.8143,2025-03-13 18:03:04.814,0.85,0.48,-0.19
1741914185.3185,2025-03-13 18:03:05.318,0.85,0.49,-0.20
1741914185.8233,2025-03-13 18:03:05.823,0.83,0.50,-0.25
1741914186.3268,2025-03-13 18:03:06.326,0.83,0.50,-0.25
1741914186.8323,2025-03-13 18:03:06.832,0.83,0.51,-0.24
1741914187.3363,2025-03-13 18:03:07.336,0.80,0.54,-0.26
1741914187.8398,2025-03-13 18:03:07.839,0.80,0.53,-0.26
1741914188.3445,2025-03-13 18:03:08.344,0.85,0.48,-0.20
1741914188.8487,2025-03-13 18:03:08.848,0.90,0.41,-0.14
1741914189.3529,2025-03-13 18:03:09.352,0.91,0.40,-0.13
1741914189.8584,2025-03-13 18:03:09.858,0.91,0.39,-0.13
1741914190.3615,2025-03-13 18:03:10.361,0.92,0.38,-0.07
1741914190.867,2025-03-13 18:03:10.867,0.92,0.39,-0.05
1741914191.3714,2025-03-13 18:03:11.371,0.92,0.39,-0.02
1741914191.8761,2025-03-13 18:03:11.876,0.93,0.37,0.00
1741914192.38,2025-03-13 18:03:12.380,0.92,0.38,0.02
1741914192.8837,2025-03-13 18:03:12.883,0.92,0.39,-0.01
1741914193.388,2025-03-13 18:03:13.388,0.91,0.42,-0.03
1741914193.8922,2025-03-13 18:03:13.892,0.90,0.43,-0.03
1741914194.3965,2025-03-13 18:03:14.396,0.90,0.44,-0.02
1741914194.9015,2025-03-13 18:03:14.901,0.89,0.45,-0.02
1741914195.4054,2025-03-13 18:03:15.405,0.89,0.45,-0.02
1741914195.911,2025-03-13 18:03:15.911,0.90,0.44,-0.01
1741914196.4176,2025-03-13 18:03:16.417,0.90,0.43,-0.03
1741914196.9213,2025-03-13 18:03:16.921,0.90,0.43,-0.04
1741914197.424,2025-03-13 18:03:17.424,0.91,0.42,-0.04
1741914197.9278,2025-03-13 18:03:17.927,0.91,0.42,-0.04
1741914198.4323,2025-03-13 18:03:18.432,0.91,0.42,-0.04
1741914198.9371,2025-03-13 18:03:18.937,0.90,0.44,-0.06
1741914199.4415,2025-03-13 18:03:19.441,0.90,0.44,-0.06
1741914199.9456,2025-03-13 18:03:19.945,0.90,0.43,-0.05
1741914200.4492,2025-03-13 18:03:20.449,0.90,0.42,-0.04
1741914200.9534,2025-03-13 18:03:20.953,0.92,0.40,-0.04
1741914201.458,2025-03-13 18:03:21.458,0.93,0.36,-0.04
1741914201.9636,2025-03-13 18:03:21.963,0.94,0.33,-0.06
1741914202.4673,2025-03-13 18:03:22.467,0.96,0.28,-0.02
1741914202.9714,2025-03-13 18:03:22.971,0.97,0.25,0.00
1741914203.4754,2025-03-13 18:03:23.475,0.98,0.22,0.02
1741914203.9787,2025-03-13 18:03:23.978,0.98,0.22,0.02
1741914204.4843,2025-03-13 18:03:24.484,0.97,0.24,0.02
1741914204.9879,2025-03-13 18:03:24.987,0.97,0.26,0.02
1741914205.4926,2025-03-13 18:03:25.492,0.97,0.26,0.03
1741914205.9969,2025-03-13 18:03:25.996,0.97,0.24,0.06
1741914206.5013,2025-03-13 18:03:26.501,0.97,0.24,0.07
1741914207.0067,2025-03-13 18:03:27.006,0.97,0.24,0.07
1741914207.51,2025-03-13 18:03:27.510,0.97,0.25,0.05
1741914208.0144,2025-03-13 18:03:28.014,0.95,0.32,-0.02
1741914208.52,2025-03-13 18:03:28.520,0.94,0.34,-0.05
1741914209.0235,2025-03-13 18:03:29.023,0.94,0.34,-0.05
1741914209.5285,2025-03-13 18:03:29.528,0.95,0.32,-0.04
1741914210.0321,2025-03-13 18:03:30.032,0.95,0.31,-0.05
1741914210.5374,2025-03-13 18:03:30.537,0.95,0.30,-0.04
1741914211.0426,2025-03-13 18:03:31.042,0.95,0.30,-0.06
1741914211.5459,2025-03-13 18:03:31.545,0.95,0.30,-0.07
1741914212.0501,2025-03-13 18:03:32.050,0.95,0.31,-0.09
1741914212.5545,2025-03-13 18:03:32.554,0.94,0.33,-0.11
1741914213.058,2025-03-13 18:03:33.058,0.94,0.33,-0.10
1741914213.5625,2025-03-13 18:03:33.562,0.96,0.29,-0.03
1741914214.0687,2025-03-13 18:03:34.068,0.95,0.30,-0.01
1741914214.5718,2025-03-13 18:03:34.571,0.95,0.30,-0.01
1741914215.0753,2025-03-13 18:03:35.075,0.93,0.35,-0.08
1741914215.5795,2025-03-13 18:03:35.579,0.92,0.37,-0.10
1741914216.0845,2025-03-13 18:03:36.084,0.92,0.37,-0.10
1741914216.588,2025-03-13 18:03:36.588,0.92,0.37,-0.08
1741914217.0924,2025-03-13 18:03:37.092,0.92,0.38,-0.06
1741914217.5969,2025-03-13 18:03:37.596,0.92,0.38,-0.06
1741914218.1013,2025-03-13 18:03:38.101,0.92,0.38,-0.06
1741914218.6052,2025-03-13 18:03:38.605,0.93,0.37,-0.06
1741914219.1102,2025-03-13 18:03:39.110,0.91,0.40,-0.08
1741914219.614,2025-03-13 18:03:39.614,0.91,0.41,-0.07
1741914220.1189,2025-03-13 18:03:40.118,0.91,0.41,-0.07
1741914220.623,2025-03-13 18:03:40.623,0.92,0.39,-0.10
1741914221.1267,2025-03-13 18:03:41.126,0.92,0.37,-0.09
1741914221.632,2025-03-13 18:03:41.632,0.92,0.37,-0.09
1741914222.1355,2025-03-13 18:03:42.135,0.92,0.37,-0.12
1741914222.6408,2025-03-13 18:03:42.640,0.92,0.37,-0.12
1741914223.1449,2025-03-13 18:03:43.144,0.94,0.34,-0.08
1741914223.649,2025-03-13 18:03:43.649,0.95,0.30,-0.02
1741914224.154,2025-03-13 18:03:44.154,0.96,0.28,0.02
1741914224.6581,2025-03-13 18:03:44.658,0.96,0.27,0.02
1741914225.1614,2025-03-13 18:03:45.161,0.95,0.31,-0.02
1741914225.666,2025-03-13 18:03:45.666,0.94,0.33,-0.04
1741914226.1695,2025-03-13 18:03:46.169,0.94,0.33,-0.03
1741914226.6738,2025-03-13 18:03:46.673,0.94,0.32,-0.05
1741914227.1792,2025-03-13 18:03:47.179,0.95,0.30,-0.03
1741914227.6832,2025-03-13 18:03:47.683,0.97,0.26,-0.01
1741914228.1889,2025-03-13 18:03:48.188,0.96,0.27,0.02
1741914228.6927,2025-03-13 18:03:48.692,0.96,0.28,0.03
1741914229.1986,2025-03-13 18:03:49.198,0.96,0.28,0.03
1741914229.7029,2025-03-13 18:03:49.702,0.96,0.29,0.00
1741914230.2066,2025-03-13 18:03:50.206,0.96,0.29,0.00
1741914230.7104,2025-03-13 18:03:50.710,0.96,0.28,-0.01
1741914231.2159,2025-03-13 18:03:51.215,0.96,0.28,0.00
1741914231.7201,2025-03-13 18:03:51.720,0.96,0.28,-0.01
1741914232.2226,2025-03-13 18:03:52.222,0.96,0.28,0.01
1741914232.7268,2025-03-13 18:03:52.726,0.96,0.28,0.03
1741914233.2312,2025-03-13 18:03:53.231,0.95,0.31,0.02
1741914233.7354,2025-03-13 18:03:53.735,0.95,0.31,0.03
1741914234.2397,2025-03-13 18:03:54.239,0.96,0.29,0.06
1741914234.7437,2025-03-13 18:03:54.743,0.96,0.26,0.08
1741914235.2486,2025-03-13 18:03:55.248,0.97,0.25,0.06
1741914235.7522,2025-03-13 18:03:55.752,0.96,0.27,0.01
1741914236.2564,2025-03-13 18:03:56.256,0.96,0.29,-0.03
1741914236.7601,2025-03-13 18:03:56.760,0.95,0.30,-0.04
1741914237.2636,2025-03-13 18:03:57.263,0.95,0.32,-0.05
1741914237.7691,2025-03-13 18:03:57.769,0.93,0.35,-0.08
1741914238.2738,2025-03-13 18:03:58.273,0.93,0.34,-0.10
1741914238.7782,2025-03-13 18:03:58.778,0.94,0.32,-0.08
1741914239.2829,2025-03-13 18:03:59.282,0.95,0.31,-0.05
1741914239.7866,2025-03-13 18:03:59.786,0.95,0.31,-0.04
1741914240.2918,2025-03-13 18:04:00.291,0.96,0.27,0.00
1741914240.7956,2025-03-13 18:04:00.795,0.96,0.27,0.01
1741914241.2983,2025-03-13 18:04:01.298,0.95,0.31,-0.03
1741914241.8035,2025-03-13 18:04:01.803,0.95,0.32,-0.01
1741914242.3075,2025-03-13 18:04:02.307,0.95,0.32,0.00
1741914242.8115,2025-03-13 18:04:02.811,0.95,0.32,0.02
1741914243.3169,2025-03-13 18:04:03.316,0.95,0.30,0.05
1741914243.8202,2025-03-13 18:04:03.820,0.96,0.26,0.08
1741914244.3261,2025-03-13 18:04:04.326,0.96,0.25,0.08
1741914244.8311,2025-03-13 18:04:04.831,0.96,0.25,0.07
1741914245.3354,2025-03-13 18:04:05.335,0.97,0.24,0.06
1741914245.8397,2025-03-13 18:04:05.839,0.98,0.15,0.10
1741914246.3431,2025-03-13 18:04:06.343,0.99,0.12,0.09
1741914246.847,2025-03-13 18:04:06.847,0.99,0.10,0.10
1741914247.3519,2025-03-13 18:04:07.351,0.99,0.10,0.10
1741914247.8563,2025-03-13 18:04:07.856,0.99,0.10,0.09
1741914248.3602,2025-03-13 18:04:08.360,0.99,0.10,0.10
1741914248.8647,2025-03-13 18:04:08.864,0.99,0.12,0.09
1741914249.3688,2025-03-13 18:04:09.368,0.99,0.14,0.08
1741914249.8733,2025-03-13 18:04:09.873,0.98,0.22,0.00
1741914250.3778,2025-03-13 18:04:10.377,0.97,0.25,-0.02
1741914250.8824,2025-03-13 18:04:10.882,0.97,0.26,-0.02
1741914251.3865,2025-03-13 18:04:11.386,0.94,0.32,-0.07
1741914251.8912,2025-03-13 18:04:11.891,0.94,0.33,-0.06
1741914252.3963,2025-03-13 18:04:12.396,0.94,0.33,-0.05
1741914252.901,2025-03-13 18:04:12.901,0.94,0.33,-0.05
1741914253.4053,2025-03-13 18:04:13.405,0.92,0.38,-0.08
1741914253.9097,2025-03-13 18:04:13.909,0.91,0.40,-0.10
1741914254.4134,2025-03-13 18:04:14.413,0.91,0.40,-0.12
1741914254.9178,2025-03-13 18:04:14.917,0.90,0.41,-0.14
1741914255.4232,2025-03-13 18:04:15.423,0.90,0.41,-0.13
1741914255.9256,2025-03-13 18:04:15.925,0.90,0.43,-0.10
1741914256.4305,2025-03-13 18:04:16.430,0.91,0.41,-0.08
1741914256.9345,2025-03-13 18:04:16.934,0.91,0.41,-0.09
1741914257.4383,2025-03-13 18:04:17.438,0.90,0.41,-0.15
1741914257.9438,2025-03-13 18:04:17.943,0.89,0.41,-0.20
1741914258.448,2025-03-13 18:04:18.448,0.89,0.41,-0.20
1741914258.9523,2025-03-13 18:04:18.952,0.89,0.42,-0.18
1741914259.4566,2025-03-13 18:04:19.456,0.90,0.41,-0.14
1741914259.9609,2025-03-13 18:04:19.960,0.90,0.42,-0.14
1741914260.4656,2025-03-13 18:04:20.465,0.93,0.37,-0.08
1741914260.9705,2025-03-13 18:04:20.970,0.96,0.30,-0.01
1741914261.4737,2025-03-13 18:04:21.473,0.96,0.30,-0.01
1741914261.9782,2025-03-13 18:04:21.978,0.95,0.30,-0.01
1741914262.4825,2025-03-13 18:04:22.482,0.95,0.30,0.00
1741914262.9871,2025-03-13 18:04:22.987,0.97,0.25,0.05
1741914263.491,2025-03-13 18:04:23.491,0.97,0.23,0.08
1741914263.9947,2025-03-13 18:04:23.994,0.97,0.23,0.10
1741914264.4995,2025-03-13 18:04:24.499,0.96,0.26,0.08
1741914265.0035,2025-03-13 18:04:25.003,0.96,0.25,0.06
1741914265.5082,2025-03-13 18:04:25.508,0.97,0.25,0.05
1741914266.0122,2025-03-13 18:04:26.012,0.98,0.20,0.08
1741914266.5154,2025-03-13 18:04:26.515,0.98,0.18,0.08
1741914267.0207,2025-03-13 18:04:27.020,0.98,0.18,0.09
1741914267.5253,2025-03-13 18:04:27.525,0.98,0.18,0.09
1741914268.0284,2025-03-13 18:04:28.028,0.98,0.18,0.09
1741914268.5341,2025-03-13 18:04:28.534,0.98,0.19,0.10
1741914269.0373,2025-03-13 18:04:29.037,0.98,0.19,0.11
1741914269.5418,2025-03-13 18:04:29.541,0.97,0.20,0.11
1741914270.0471,2025-03-13 18:04:30.047,0.97,0.22,0.10
1741914270.5517,2025-03-13 18:04:30.551,0.97,0.22,0.11
1741914271.0558,2025-03-13 18:04:31.055,0.97,0.21,0.10
1741914271.5603,2025-03-13 18:04:31.560,0.97,0.23,0.07
1741914272.0643,2025-03-13 18:04:32.064,0.97,0.24,0.06
1741914272.5691,2025-03-13 18:04:32.569,0.95,0.30,0.00
1741914273.0734,2025-03-13 18:04:33.073,0.95,0.32,0.01
1741914273.5774,2025-03-13 18:04:33.577,0.95,0.33,0.00
1741914274.0821,2025-03-13 18:04:34.082,0.95,0.32,0.00
1741914274.5853,2025-03-13 18:04:34.585,0.95,0.32,-0.01
1741914275.091,2025-03-13 18:04:35.091,0.95,0.31,-0.01
1741914275.5948,2025-03-13 18:04:35.594,0.96,0.28,0.03
1741914276.0984,2025-03-13 18:04:36.098,0.96,0.28,0.03
1741914276.6031,2025-03-13 18:04:36.603,0.96,0.28,0.01
1741914277.1074,2025-03-13 18:04:37.107,0.96,0.27,-0.01
1741914277.6115,2025-03-13 18:04:37.611,0.98,0.22,-0.02
1741914278.1164,2025-03-13 18:04:38.116,0.98,0.19,-0.01
1741914278.6203,2025-03-13 18:04:38.620,0.98,0.19,-0.01
1741914279.1261,2025-03-13 18:04:39.126,0.98,0.20,0.01
1741914279.6299,2025-03-13 18:04:39.629,0.97,0.22,0.05
1741914280.1336,2025-03-13 18:04:40.133,0.97,0.20,0.10
1741914280.6381,2025-03-13 18:04:40.638,0.97,0.20,0.10
1741914281.142,2025-03-13 18:04:41.142,0.97,0.21,0.11
1741914281.6487,2025-03-13 18:04:41.648,0.97,0.21,0.11
1741914282.1533,2025-03-13 18:04:42.153,0.97,0.22,0.10
1741914282.656,2025-03-13 18:04:42.656,0.97,0.23,0.09
1741914283.161,2025-03-13 18:04:43.161,0.96,0.26,0.07
1741914283.665,2025-03-13 18:04:43.665,0.94,0.34,0.00
1741914284.1687,2025-03-13 18:04:44.168,0.91,0.40,-0.09
1741914284.674,2025-03-13 18:04:44.674,0.89,0.44,-0.11
1741914285.1788,2025-03-13 18:04:45.178,0.88,0.45,-0.14
1741914285.6831,2025-03-13 18:04:45.683,0.88,0.45,-0.14
1741914286.1872,2025-03-13 18:04:46.187,0.91,0.41,-0.11
1741914286.691,2025-03-13 18:04:46.691,0.90,0.41,-0.12
1741914287.1957,2025-03-13 18:04:47.195,0.93,0.37,-0.08
1741914287.7002,2025-03-13 18:04:47.700,0.97,0.23,0.05
1741914288.205,2025-03-13 18:04:48.205,0.98,0.08,0.16
1741914288.7114,2025-03-13 18:04:48.711,0.98,0.03,0.18
1741914289.2139,2025-03-13 18:04:49.213,0.98,0.01,0.18
1741914289.7179,2025-03-13 18:04:49.717,0.98,-0.03,0.20
1741914290.2218,2025-03-13 18:04:50.221,0.98,-0.03,0.20
1741914290.7263,2025-03-13 18:04:50.726,0.99,0.01,0.16
1741914291.2311,2025-03-13 18:04:51.231,0.99,0.07,0.12
1741914291.7348,2025-03-13 18:04:51.734,0.99,0.07,0.13
1741914292.2397,2025-03-13 18:04:52.239,0.99,0.04,0.17
1741914292.7432,2025-03-13 18:04:52.743,0.98,-0.03,0.22
1741914293.2476,2025-03-13 18:04:53.247,0.97,-0.06,0.24
1741914293.7523,2025-03-13 18:04:53.752,0.96,-0.08,0.25
1741914294.2561,2025-03-13 18:04:54.256,0.97,-0.09,0.24
1741914294.7604,2025-03-13 18:04:54.760,0.97,-0.10,0.24
1741914295.2659,2025-03-13 18:04:55.265,0.96,-0.11,0.25
1741914295.7696,2025-03-13 18:04:55.769,0.96,-0.11,0.26
1741914296.2745,2025-03-13 18:04:56.274,0.96,-0.11,0.26
1741914296.7784,2025-03-13 18:04:56.778,0.96,-0.11,0.27
1741914297.2822,2025-03-13 18:04:57.282,0.96,-0.10,0.27
1741914297.7863,2025-03-13 18:04:57.786,0.96,-0.10,0.26
1741914298.2902,2025-03-13 18:04:58.290,0.96,-0.10,0.26
1741914298.7936,2025-03-13 18:04:58.793,0.96,-0.12,0.27
1741914299.2991,2025-03-13 18:04:59.299,0.96,-0.12,0.27
1741914299.8046,2025-03-13 18:04:59.804,0.97,-0.10,0.23
1741914300.308,2025-03-13 18:05:00.308,0.98,-0.06,0.19
1741914300.8128,2025-03-13 18:05:00.812,0.99,-0.01,0.16
1741914301.3153,2025-03-13 18:05:01.315,0.99,0.04,0.14
1741914301.8204,2025-03-13 18:05:01.820,0.99,0.11,0.13
1741914302.3241,2025-03-13 18:05:02.324,0.98,0.14,0.12
1741914302.8283,2025-03-13 18:05:02.828,0.98,0.17,0.11
1741914303.3339,2025-03-13 18:05:03.333,0.97,0.23,0.06
1741914303.8376,2025-03-13 18:05:03.837,0.96,0.29,-0.04
1741914304.342,2025-03-13 18:05:04.342,0.92,0.38,-0.11
1741914304.848,2025-03-13 18:05:04.848,0.89,0.42,-0.15
1741914305.3515,2025-03-13 18:05:05.351,0.88,0.44,-0.18
1741914305.8567,2025-03-13 18:05:05.856,0.87,0.43,-0.22
1741914306.3615,2025-03-13 18:05:06.361,0.87,0.43,-0.22
1741914306.8646,2025-03-13 18:05:06.864,0.86,0.45,-0.24
1741914307.3699,2025-03-13 18:05:07.369,0.86,0.45,-0.23
1741914307.8728,2025-03-13 18:05:07.872,0.87,0.44,-0.22
1741914308.3769,2025-03-13 18:05:08.376,0.87,0.44,-0.24
1741914308.881,2025-03-13 18:05:08.881,0.86,0.43,-0.28
1741914309.3858,2025-03-13 18:05:09.385,0.86,0.43,-0.28
1741914309.8904,2025-03-13 18:05:09.890,0.87,0.41,-0.27
1741914310.3945,2025-03-13 18:05:10.394,0.92,0.34,-0.18
1741914310.8985,2025-03-13 18:05:10.898,0.93,0.32,-0.15
1741914311.4037,2025-03-13 18:05:11.403,0.94,0.31,-0.15
1741914311.9065,2025-03-13 18:05:11.906,0.94,0.31,-0.12
1741914312.412,2025-03-13 18:05:12.412,0.95,0.30,-0.11
1741914312.9161,2025-03-13 18:05:12.916,0.94,0.31,-0.12
1741914313.4203,2025-03-13 18:05:13.420,0.94,0.32,-0.11
1741914313.925,2025-03-13 18:05:13.925,0.94,0.33,-0.10
1741914314.429,2025-03-13 18:05:14.429,0.94,0.34,-0.06
1741914314.9336,2025-03-13 18:05:14.933,0.95,0.31,0.00
1741914315.4385,2025-03-13 18:05:15.438,0.95,0.30,0.01
1741914315.9416,2025-03-13 18:05:15.941,0.94,0.34,-0.04
1741914316.4468,2025-03-13 18:05:16.446,0.94,0.32,-0.08
1741914316.9517,2025-03-13 18:05:16.951,0.95,0.31,-0.08
1741914317.4548,2025-03-13 18:05:17.454,0.95,0.31,-0.08
1741914317.9598,2025-03-13 18:05:17.959,0.95,0.31,-0.04
1741914318.4639,2025-03-13 18:05:18.463,0.96,0.27,0.01
1741914318.9675,2025-03-13 18:05:18.967,0.97,0.22,0.06
1741914319.4723,2025-03-13 18:05:19.472,0.98,0.21,0.07
1741914319.9762,2025-03-13 18:05:19.976,0.98,0.20,0.06
1741914320.4809,2025-03-13 18:05:20.480,0.96,0.27,0.00
1741914320.9859,2025-03-13 18:05:20.985,0.95,0.29,-0.03
1741914321.4896,2025-03-13 18:05:21.489,0.95,0.32,-0.02
1741914321.995,2025-03-13 18:05:21.995,0.94,0.33,-0.03
1741914322.4991,2025-03-13 18:05:22.499,0.93,0.36,-0.03
1741914323.0036,2025-03-13 18:05:23.003,0.93,0.37,-0.06
1741914323.5091,2025-03-13 18:05:23.509,0.92,0.39,-0.07
1741914324.0121,2025-03-13 18:05:24.012,0.91,0.40,-0.08
1741914324.5173,2025-03-13 18:05:24.517,0.90,0.41,-0.14
1741914325.0209,2025-03-13 18:05:25.020,0.90,0.41,-0.17
1741914325.5251,2025-03-13 18:05:25.525,0.92,0.36,-0.13
1741914326.0298,2025-03-13 18:05:26.029,0.92,0.36,-0.13
1741914326.5334,2025-03-13 18:05:26.533,0.93,0.36,-0.12
1741914327.0384,2025-03-13 18:05:27.038,0.93,0.35,-0.10
1741914327.5427,2025-03-13 18:05:27.542,0.93,0.35,-0.10
1741914328.0464,2025-03-13 18:05:28.046,0.94,0.33,-0.10
1741914328.5512,2025-03-13 18:05:28.551,0.95,0.30,-0.13
1741914329.0557,2025-03-13 18:05:29.055,0.96,0.27,-0.11
1741914329.5604,2025-03-13 18:05:29.560,0.97,0.24,-0.09
1741914330.0653,2025-03-13 18:05:30.065,0.98,0.21,0.00
1741914330.5692,2025-03-13 18:05:30.569,0.98,0.21,0.01
1741914331.0728,2025-03-13 18:05:31.072,0.98,0.22,0.00
1741914331.5773,2025-03-13 18:05:31.577,0.97,0.23,-0.06
1741914332.0814,2025-03-13 18:05:32.081,0.97,0.22,-0.08
1741914332.5862,2025-03-13 18:05:32.586,0.98,0.20,-0.08
1741914333.0909,2025-03-13 18:05:33.090,0.98,0.18,-0.08
1741914333.595,2025-03-13 18:05:33.595,0.97,0.21,-0.10
1741914334.0996,2025-03-13 18:05:34.099,0.97,0.24,-0.09
1741914334.6044,2025-03-13 18:05:34.604,0.96,0.27,-0.11
1741914335.1083,2025-03-13 18:05:35.108,0.94,0.30,-0.12
1741914335.6122,2025-03-13 18:05:35.612,0.93,0.33,-0.17
1741914336.1169,2025-03-13 18:05:36.116,0.93,0.33,-0.17
1741914336.6207,2025-03-13 18:05:36.620,0.93,0.33,-0.15
1741914337.1257,2025-03-13 18:05:37.125,0.96,0.27,-0.10
1741914337.6296,2025-03-13 18:05:37.629,0.96,0.27,-0.11
1741914338.1335,2025-03-13 18:05:38.133,0.92,0.35,-0.18
1741914338.6374,2025-03-13 18:05:38.637,0.89,0.42,-0.19
1741914339.1426,2025-03-13 18:05:39.142,0.87,0.47,-0.17
1741914339.6473,2025-03-13 18:05:39.647,0.86,0.48,-0.15
1741914340.1511,2025-03-13 18:05:40.151,0.87,0.48,-0.14
1741914340.656,2025-03-13 18:05:40.656,0.89,0.44,-0.10
1741914341.1595,2025-03-13 18:05:41.159,0.92,0.39,-0.06
1741914341.6634,2025-03-13 18:05:41.663,0.93,0.35,-0.05
1741914342.1689,2025-03-13 18:05:42.168,0.94,0.33,-0.09
1741914342.6722,2025-03-13 18:05:42.672,0.95,0.30,-0.07
1741914343.1774,2025-03-13 18:05:43.177,0.96,0.29,-0.06
1741914343.6821,2025-03-13 18:05:43.682,0.96,0.27,-0.06
1741914344.1862,2025-03-13 18:05:44.186,0.96,0.27,-0.06
1741914344.6907,2025-03-13 18:05:44.690,0.95,0.29,-0.08
1741914345.196,2025-03-13 18:05:45.196,0.94,0.33,-0.11
1741914345.6997,2025-03-13 18:05:45.699,0.91,0.39,-0.16
1741914346.204,2025-03-13 18:05:46.204,0.85,0.48,-0.22
1741914346.7085,2025-03-13 18:05:46.708,0.84,0.49,-0.23
1741914347.2118,2025-03-13 18:05:47.211,0.82,0.53,-0.22
1741914347.717,2025-03-13 18:05:47.717,0.82,0.53,-0.21
1741914348.2213,2025-03-13 18:05:48.221,0.79,0.56,-0.23
1741914348.7252,2025-03-13 18:05:48.725,0.79,0.54,-0.28
1741914349.2293,2025-03-13 18:05:49.229,0.79,0.54,-0.29
1741914349.7325,2025-03-13 18:05:49.732,0.79,0.53,-0.31
1741914350.237,2025-03-13 18:05:50.237,0.82,0.51,-0.28
1741914350.7425,2025-03-13 18:05:50.742,0.81,0.50,-0.30
1741914351.2472,2025-03-13 18:05:51.247,0.82,0.49,-0.30
1741914351.7518,2025-03-13 18:05:51.751,0.80,0.50,-0.34
1741914352.2564,2025-03-13 18:05:52.256,0.80,0.50,-0.34
1741914352.7599,2025-03-13 18:05:52.759,0.82,0.50,-0.29
1741914353.2651,2025-03-13 18:05:53.265,0.82,0.51,-0.28
1741914353.7684,2025-03-13 18:05:53.768,0.82,0.50,-0.28
1741914354.2723,2025-03-13 18:05:54.272,0.82,0.50,-0.28
1741914354.7777,2025-03-13 18:05:54.777,0.83,0.49,-0.26
1741914355.2821,2025-03-13 18:05:55.282,0.86,0.45,-0.23
1741914355.7855,2025-03-13 18:05:55.785,0.86,0.45,-0.23
1741914356.2901,2025-03-13 18:05:56.290,0.86,0.46,-0.23
1741914356.795,2025-03-13 18:05:56.795,0.89,0.42,-0.16
1741914357.2997,2025-03-13 18:05:57.299,0.92,0.38,-0.12
1741914357.804,2025-03-13 18:05:57.804,0.92,0.39,-0.09
1741914358.3081,2025-03-13 18:05:58.308,0.91,0.39,-0.09
1741914358.812,2025-03-13 18:05:58.812,0.93,0.36,-0.08
1741914359.316,2025-03-13 18:05:59.316,0.94,0.34,-0.07
1741914359.8205,2025-03-13 18:05:59.820,0.94,0.33,-0.10
1741914360.3251,2025-03-13 18:06:00.325,0.93,0.33,-0.14
1741914360.8295,2025-03-13 18:06:00.829,0.93,0.34,-0.15
1741914361.333,2025-03-13 18:06:01.333,0.92,0.36,-0.18
1741914361.8368,2025-03-13 18:06:01.836,0.90,0.41,-0.17
1741914362.3416,2025-03-13 18:06:02.341,0.87,0.46,-0.18
1741914362.8457,2025-03-13 18:06:02.845,0.86,0.49,-0.18
1741914363.3504,2025-03-13 18:06:03.350,0.85,0.50,-0.18
1741914363.855,2025-03-13 18:06:03.855,0.83,0.52,-0.20
1741914364.3592,2025-03-13 18:06:04.359,0.83,0.52,-0.23
1741914364.8653,2025-03-13 18:06:04.865,0.82,0.51,-0.25
1741914365.3696,2025-03-13 18:06:05.369,0.79,0.54,-0.28
1741914365.8735,2025-03-13 18:06:05.873,0.79,0.55,-0.29
1741914366.3786,2025-03-13 18:06:06.378,0.78,0.54,-0.31
1741914366.8841,2025-03-13 18:06:06.884,0.79,0.54,-0.30
1741914367.387,2025-03-13 18:06:07.387,0.79,0.53,-0.30
1741914367.8907,2025-03-13 18:06:07.890,0.76,0.55,-0.34
1741914368.3949,2025-03-13 18:06:08.394,0.73,0.57,-0.39
1741914368.8995,2025-03-13 18:06:08.899,0.72,0.56,-0.41
1741914369.404,2025-03-13 18:06:09.404,0.73,0.55,-0.40
1741914369.908,2025-03-13 18:06:09.908,0.77,0.53,-0.35
1741914370.4121,2025-03-13 18:06:10.412,0.80,0.50,-0.33
1741914370.9158,2025-03-13 18:06:10.915,0.81,0.49,-0.32
1741914371.4206,2025-03-13 18:06:11.420,0.86,0.45,-0.24
1741914371.9238,2025-03-13 18:06:11.923,0.86,0.47,-0.19
1741914372.4281,2025-03-13 18:06:12.428,0.87,0.46,-0.16
1741914372.935,2025-03-13 18:06:12.935,0.92,0.38,-0.07
1741914373.4381,2025-03-13 18:06:13.438,0.95,0.30,-0.01
1741914373.9435,2025-03-13 18:06:13.943,0,0,0
1741914374.4489,2025-03-13 18:06:14.448,0.97,0.23,0.03
1741914374.9532,2025-03-13 18:06:14.953,0.98,0.21,0.03
